{"word_key":"F5T11","exemplar":[-0.7,-0.1,-0.9,-0.4],"frequency":5,"exemplar_strength":[0.0000053608,0.000000004,0.7804767844,0.0000000107]}
{"word_key":"F6T5","exemplar":[-1.1,0.6,0.2,1.3,0.6,1.2],"frequency":6,"exemplar_strength":[0.0192724013,0.0000001291,0.0000050595,0.0000805548,0.9674933722,0.4341221689]}
{"word_key":"F4T8","exemplar":[0.7,-0.3,1.6,-0.3],"frequency":4,"exemplar_strength":[0.0141964519,0.0000000001,0.800062639,0.0003336012]}
{"word_key":"F7T3","exemplar":[-1.9,0.7,-0.2,-1.9,-1.5,0.7,1.8],"frequency":7,"exemplar_strength":[0.0000958163,0.0000000292,0.0000000322,0.0000000015,0.0000000027,0.000015953,1.0]}
{"word_key":"F7T7","exemplar":[1.6,1.2,1.6,-1.6,-0.9,-0.6,1.2],"frequency":7,"exemplar_strength":[0.00000001,0.0002170959,0.0138489171,0.0941525091,0.0063700638,0.0000007951,0.0000079699]}
{"word_key":"F5T1","exemplar":[0.3,-0.5,0.2,-2.2,-0.4],"frequency":5,"exemplar_strength":[0.3305277691,0.0000010705,0.0000000003,0.0000014294,0.0000000023]}
{"word_key":"F3T6","exemplar":[1.6,0.6,0.5],"frequency":3,"exemplar_strength":[0.3171523623,0.0000000034,0.0162027161]}
{"word_key":"F6T8","exemplar":[-0.9,-0.8,2.3,1.4,-1.0,0.5],"frequency":6,"exemplar_strength":[0.0000399127,0.2375133024,0.0000004459,0.0000000575,0.3251112154,0.0004101358]}
{"word_key":"F4T1","exemplar":[-1.2,0.4,-0.9,-0.5],"frequency":4,"exemplar_strength":[0.0000005857,0.0000014897,0.7934800098,0.0000084444]}
{"word_key":"F6T3","exemplar":[0.3,-1.6,-0.5,-1.6,1.0,0.3],"frequency":6,"exemplar_strength":[0.000000004,0.0643848787,0.0000012017,0.0000000014,0.0000000181,0.9516384871]}
{"word_key":"F5T10","exemplar":[-0.9,0.8,0.5,-0.4,-0.3],"frequency":5,"exemplar_strength":[0.0000000037,0.0000370527,0.9595331828,0.0000000024,0.0000000736]}
{"word_key":"F7T6","exemplar":[1.4,-0.5,-1.6,-1.2,0.4,0.6,-0.3],"frequency":7,"exemplar_strength":[0.0000045443,0.0000392587,0.0002875038,0.0000608274,0.0000027454,0.0000004924,0.9056158101]}
{"word_key":"F4T9","exemplar":[0.5,0.6,0.9,-0.1],"frequency":4,"exemplar_strength":[0.000000073,0.0000000002,0.4270079526,0.0000000192]}
{"word_key":"F9T1","exemplar":[-1.2,-0.5,1.6,-1.2,-0.9,-0.6,0.9,2.2,1.0],"frequency":9,"exemplar_strength":[0.0000261893,0.0000099616,0.5749154452,0.0000245143,0.0000169028,0.0000000003,0.0150416618,0.0000040815,0.0000001668]}
{"word_key":"F6T9","exemplar":[-0.6,-0.2,-0.9,0.4,0.4,0.2],"frequency":6,"exemplar_strength":[0.0000000024,0.0000000115,0.1332072655,0.0000000001,0.0000001696,0.3332697937]}
{"word_key":"F8T8","exemplar":[-0.8,-0.1,0.2,-0.2,-0.1,-2.2,0.7,0.3],"frequency":8,"exemplar_strength":[0.0001949879,0.0000532956,0.0000135233,0.0000000002,0.0000125543,0.0000264065,0.0000000005,0.3473249281]}
{"word_key":"F3T2","exemplar":[-0.5,1.2,-1.2],"frequency":3,"exemplar_strength":[0.0000000001,0.5163687739,0.2872181935]}
{"word_key":"F6T6","exemplar":[0.1,-0.7,0.9,-0.2,-0.2,1.3],"frequency":6,"exemplar_strength":[0.0000000179,0.2168802145,0.0000000072,0.0000012838,0.8201399954,0.0000000055]}
{"word_key":"F3T1","exemplar":[0.8,-1.1,1.4],"frequency":3,"exemplar_strength":[0.0000078393,0.0124386089,0.5844938917]}
{"word_key":"F8T3","exemplar":[-1.5,-0.9,-0.3,0.2,0.4,0.1,-0.5,1.0],"frequency":8,"exemplar_strength":[0.0000000007,0.4561839131,0.0010346268,0.0000002542,0.0000448068,0.000001406,0.0000023272,0.0004417939]}
{"word_key":"F4T10","exemplar":[-0.5,-0.9,0.0,-1.1],"frequency":4,"exemplar_strength":[0.0000000026,0.0329728019,0.0000000749,0.1584440448]}
{"word_key":"F5T12","exemplar":[1.0,-1.6,-1.5,1.2,-0.7],"frequency":5,"exemplar_strength":[0.0004239159,0.0000000002,0.0000000012,0.227901895,0.3619728159]}
{"word_key":"F7T4","exemplar":[-1.4,0.2,-0.7,-2.1,-0.9,1.2,-1.5],"frequency":7,"exemplar_strength":[0.0006302367,0.9283419948,0.3649757054,0.0000185109,0.0000000047,0.0000000252,0.0002561012]}
{"word_key":"F10T2","exemplar":[1.4,-1.3,-0.3,-0.2,0.2,-0.2,0.9,-0.2,-0.5,2.0],"frequency":10,"exemplar_strength":[0.0000785828,0.0041113056,0.7869515402,0.6244303158,0.0000222005,0.0000116547,0.000003212,0.0003046209,0.920703929,0.3931478996]}
{"word_key":"F6T7","exemplar":[-0.4,-1.2,1.2,-0.2,0.7,-0.6],"frequency":6,"exemplar_strength":[0.0000006154,0.0000275202,0.6401002264,0.0440287003,0.0000028849,0.0000000002]}
{"word_key":"F9T3","exemplar":[0.7,0.6,0.1,0.6,-0.6,-0.7,0.9,1.2,-0.5],"frequency":9,"exemplar_strength":[0.0002498318,0.0001902145,0.8476957248,0.0000000827,0.0000330056,0.0000023081,0.0000000007,0.0000000071,0.000011091]}
{"word_key":"F4T2","exemplar":[1.6,1.5,1.5,-1.2],"frequency":4,"exemplar_strength":[0.8338040344,0.0000000001,0.000000562,0.0000000761]}
{"word_key":"F5T5","exemplar":[-1.9,-0.8,-0.4,1.4,0.9],"frequency":5,"exemplar_strength":[0.0000003258,0.0017411161,0.0000009775,0.2944258567,0.0000064826]}
{"word_key":"F7T9","exemplar":[-1.1,-0.8,-0.6,0.6,-0.3,0.5,-1.0],"frequency":7,"exemplar_strength":[0.7009967181,0.011643078,0.0000000087,0.0881308371,0.0028582996,0.0000000128,0.5991616084]}
{"word_key":"F1T2","exemplar":[0.2],"frequency":1,"exemplar_strength":[0.0361096981]}
{"word_key":"F8T6","exemplar":[0.2,0.5,1.6,0.5,-1.1,1.3,1.2,0.0],"frequency":8,"exemplar_strength":[0.0020709792,0.0000000035,0.0000024254,0.0261632592,0.9131287064,0.0000000847,0.0000332794,0.0000006309]}
{"word_key":"F3T7","exemplar":[-1.1,-1.5,1.1],"frequency":3,"exemplar_strength":[0.9836124095,0.0133987355,0.0000000153]}
{"word_key":"F9T4","exemplar":[-0.4,-1.6,-0.4,-0.6,-0.9,-0.5,2.3,-1.0],"frequency":9,"exemplar_strength":[0.0002319293,0.0000000082,0.0000000002,0.0000444381,0.0000044331,0.7676866505,0.3360345659,0.0000000117]}
{"word_key":"F9T5","exemplar":[0.1,-1.6,-0.2,0.1,0.1,0.4,0.2,0.3,0.0],"frequency":9,"exemplar_strength":[0.0000007082,0.0001227664,0.0000000256,0.0000027004,0.0000649836,0.0000550863,0.0084359849,0.0000003178,0.5893427934]}
{"word_key":"F7T5","exemplar":[0.5,0.3,-0.4,0.6,0.4,-1.0,-0.3],"frequency":7,"exemplar_strength":[0.0000426398,0.0000000002,0.0000001627,0.3899132193,0.000006068,0.0006460523,0.0000006004]}
{"word_key":"F7T8","exemplar":[2.3,0.7,-0.4,1.0,1.9,1.9,-1.6],"frequency":7,"exemplar_strength":[0.0001998811,0.0009525849,0.0000000017,0.6670954562,0.0175981829,0.0000000008,0.0009292653]}
{"word_key":"F8T7","exemplar":[0.9,1.2,1.2,0.3,-0.7,-0.3,1.4,-1.0],"frequency":8,"exemplar_strength":[0.0000000039,0.0000000156,0.0000000014,0.5079067339,0.0234989165,0.0003174678,0.000000082,0.0000000499]}
{"word_key":"F5T9","exemplar":[-2.1,-0.6,1.6,0.2,0.3],"frequency":5,"exemplar_strength":[0.0000105546,0.0000000002,0.0000000001,0.136550066,0.009548954]}
{"word_key":"F8T4","exemplar":[-0.5,1.3,-0.9,0.1,-0.2,0.8,0.1],"frequency":8,"exemplar_strength":[0.0000188193,0.0000000001,0.0000026782,0.890774949,0.0006845161,0.0000440725,0.0062141221]}
{"word_key":"F2T9","exemplar":[1.2,0.9],"frequency":2,"exemplar_strength":[0.6507646916,0.0001237849]}
{"word_key":"F8T2","exemplar":[1.5,0.6,1.0,-1.2,0.3,1.5,-1.1,-1.9],"frequency":8,"exemplar_strength":[0.0000382976,0.0000000099,0.000000138,0.0000001782,0.0000355533,0.0000000556,0.0006148082,0.6348337107]}
{"word_key":"F5T13","exemplar":[-0.3,-1.0,0.4,-1.0],"frequency":5,"exemplar_strength":[0.551650447,0.0000000185,0.0000006852,0.2968683835]}
{"word_key":"F10T3","exemplar":[-0.4,0.8,-0.2,-0.4,1.1,-0.2,1.5,0.5,-0.2,-0.9],"frequency":10,"exemplar_strength":[0.0000000239,0.0000000742,0.0000000416,0.0000000056,0.0000060181,0.0005254939,0.0740934621,0.5206525166,0.0000000806,0.0000013715]}
{"word_key":"F7T12","exemplar":[-0.2,-0.8,-0.5,0.4,-1.5,0.1],"frequency":7,"exemplar_strength":[0.000000127,0.4377236021,0.0000000245,0.0000094798,0.8618188593,0.0000000045]}
{"word_key":"F1T3","exemplar":[-0.5],"frequency":1,"exemplar_strength":[0.0021942784]}
{"word_key":"F7T2","exemplar":[1.6,-0.8,-0.8,0.5,0.5,0.7,-0.4],"frequency":7,"exemplar_strength":[0.1267651606,0.0000056799,0.000000057,0.0000011626,0.0000019405,0.0000000016,0.069354698]}
{"word_key":"F5T6","exemplar":[-0.1,-0.9,0.6,-0.4,-1.2],"frequency":5,