{"word_key":"F5T8","exemplar":[1.6,-0.4,0.6,0.6],"frequency":5,"exemplar_strength":[0.0000001127,0.0000000342,0.2866701619,0.0000000007]}
{"word_key":"F6T5","exemplar":[-1.1,0.2,1.3,0.6,1.2],"frequency":6,"exemplar_strength":[0.8661617207,0.0000756519,0.2376784822,0.0000001032,0.0000000006]}
{"word_key":"F10T2","exemplar":[1.4,-1.3,-0.3,-0.2,0.2,-0.2,0.9,-0.2,-0.5,2.0],"frequency":10,"exemplar_strength":[0.3089865265,0.0000000007,0.6874082618,0.0000000003,0.783771714,0.1886277683,0.0154048517,0.0000000004,0.0000000819,0.0351386505]}
{"word_key":"F9T2","exemplar":[0.8,1.1,-0.8,-2.0,-1.2,1.3,-0.6],"frequency":9,"exemplar_strength":[0.4784710547,0.0143818104,0.0176744313,0.2594018632,0.0000117576,0.0000000035,0.0624293958]}
{"word_key":"F6T7","exemplar":[-0.4,-1.2,1.2,-0.2,0.7,-0.6],"frequency":6,"exemplar_strength":[0.6377606168,0.0000003646,0.0075102165,0.0000000055,0.000000007,0.6337888718]}
{"word_key":"F6T3","exemplar":[0.3,-1.6,-0.5,-1.6,1.0,0.3],"frequency":6,"exemplar_strength":[0.0000000532,0.8770516332,0.0000118313,0.0100732026,1.0,0.0000046935]}
{"word_key":"F3T2","exemplar":[-0.5,1.2,-1.2],"frequency":3,"exemplar_strength":[0.0000000005,0.5735023593,0.0037775727]}
{"word_key":"F6T1","exemplar":[-1.0,0.7,0.1,1.2,1.2,0.9],"frequency":6,"exemplar_strength":[0.0158936249,0.0000034343,0.2957657831,0.0029793087,0.0752977082,0.0118497134]}
{"word_key":"F3T7","exemplar":[-1.1,-1.5,1.1],"frequency":3,"exemplar_strength":[0.339340625,0.0000005611,0.0000093896]}
{"word_key":"F6T10","exemplar":[-0.4,1.9,2.3,2.2,1.6,-0.7],"frequency":6,"exemplar_strength":[0.0330106596,0.8036037155,0.0004137899,0.0000001964,0.0000000019,0.1805568684]}
{"word_key":"F5T7","exemplar":[-0.7,-0.6,-0.1,-0.5,-1.6],"frequency":5,"exemplar_strength":[0.0003629151,0.7317211747,0.000000001,0.00000031,0.0000000081]}
{"word_key":"F6T9","exemplar":[-0.6,-0.2,-0.9,0.4,0.4,0.2],"frequency":6,"exemplar_strength":[0.0000000205,0.3634794132,0.0019119929,0.0215856062,0.0000000101,0.8992439234]}
{"word_key":"F10T1","exemplar":[0.2,-1.0,0.2,0.5,1.2,-2.1,1.9,1.6,0.2],"frequency":10,"exemplar_strength":[0.6621192619,0.0000000012,0.0000000203,0.0000000145,0.0632142962,0.0000000013,0.2884666289,0.0001014694,0.0000000004]}
{"word_key":"F8T3","exemplar":[-1.5,-0.9,-0.3,0.2,0.4,0.1,-0.5,1.0],"frequency":8,"exemplar_strength":[0.0000009249,0.0000000746,0.0000038431,0.6028925387,0.2058680032,0.4695873699,0.0000504045,0.0310115395]}
{"word_key":"F8T7","exemplar":[0.9,1.2,1.2,0.3,-0.7,1.4,-1.0],"frequency":8,"exemplar_strength":[0.0000000001,0.0087250225,0.0000015534,0.0000000845,0.0000000079,0.1613535177,0.0000000007]}
{"word_key":"F11T1","exemplar":[-0.2,-1.3,-0.5,-0.9,0.6,1.5,-1.4,-0.5,0.2,-1.1],"frequency":11,"exemplar_strength":[0.0000179808,0.3845011174,0.0000000001,0.0000000003,0.0000016127,0.000000624,0.000000437,0.0000000002,0.0000002212,0.0000000027]}
{"word_key":"F5T2","exemplar":[0.1,1.0,1.2,-0.8,-1.5],"frequency":5,"exemplar_strength":[0.0381114275,0.3589662707,0.0005907801,0.0000000003,0.0000000015]}
{"word_key":"F9T4","exemplar":[-0.9,-0.4,-1.6,-0.4,-0.5,-1.0],"frequency":9,"exemplar_strength":[0.0000000013,0.0000000019,0.000000006,0.2659655833,0.6788730564,0.0000000005]}
{"word_key":"F6T12","exemplar":[0.4,-0.9,0.5,0.5,0.1,0.5],"frequency":6,"exemplar_strength":[0.8554070228,0.0000004316,0.0280616967,0.2218941755,0.0000000001,0.1934006711]}
{"word_key":"F7T5","exemplar":[0.5,0.3,-0.4,0.6,0.4,-1.0,-0.3],"frequency":7,"exemplar_strength":[0.8825478254,0.0000000497,0.0237061246,0.0000000044,0.0323977567,0.0000009077,0.1554174978]}
{"word_key":"F7T11","exemplar":[0.2,1.4,-0.4,0.2,-1.1,-0.2,-0.1],"frequency":7,"exemplar_strength":[0.2391679346,0.4118523697,0.022131793,0.0000000002,0.0195323658,0.0000026917,0.0000000051]}
{"word_key":"F7T1","exemplar":[0.2,-1.2,-0.9,-0.9,1.2,-1.5,-0.7],"frequency":7,"exemplar_strength":[0.1397582405,0.0000000001,0.0012580834,0.0000000001,0.8447858607,0.0000005046,0.9937723577]}
{"word_key":"F3T5","exemplar":[0.2,1.5,-0.2],"frequency":3,"exemplar_strength":[0.5807127801,0.3501074023,0.0000009542]}
{"word_key":"F5T10","exemplar":[-0.9,0.8,0.5,-0.4,-0.3],"frequency":5,"exemplar_strength":[0.0000000001,0.0000631161,0.0000000006,0.0126135903,0.8239375319]}
{"word_key":"F8T8","exemplar":[-0.8,-0.1,0.2,-0.2,-0.1,-2.2,0.3],"frequency":8,"exemplar_strength":[0.8086396339,0.0000000013,0.1116108134,0.0000000044,0.2676323015,0.0000096876,0.0000000001]}
{"word_key":"F12T1","exemplar":[-1.5,0.8,0.5,-0.5,1.5,-0.2,0.7,-1.7,-1.1,1.2,-0.6],"frequency":12,"exemplar_strength":[0.0000002052,0.0000015729,0.0000000004,0.0017409647,0.0234117775,0.0015174069,0.0000001207,0.0000000028,0.0000000018,0.0000000061,0.7502361265]}
{"word_key":"F6T14","exemplar":[0.1,-1.5,-0.8,1.5,-0.9],"frequency":6,"exemplar_strength":[0.9692472161,0.2813476093,0.0022491922,0.0000019451,0.0000135744]}
{"word_key":"F1T3","exemplar":[-0.5],"frequency":1,"exemplar_strength":[0.1371633747]}
{"word_key":"F8T1","exemplar":[-0.5,1.8,-1.6,0.9,-0.4,1.5,-0.4,1.9],"frequency":8,"exemplar_strength":[0.0037074351,0.0048197359,0.0000585576,0.0000000015,0.798599159,0.0000000001,0.2007874212,0.046255239]}
{"word_key":"F7T7","exemplar":[1.6,1.2,1.6,-1.6,-0.9,-0.6,1.2],"frequency":7,"exemplar_strength":[0.0000000003,0.9512513797,0.0000000298,0.0000000001,0.0000000755,0.0000006519,0.1644060142]}
{"word_key":"F4T8","exemplar":[0.7,-0.3,-0.3],"frequency":4,"exemplar_strength":[0.0004659384,0.0000000018,0.3917751349]}
{"word_key":"F7T9","exemplar":[-1.1,-0.8,-0.6,0.6,-0.3,0.5,-1.0],"frequency":7,"exemplar_strength":[0.3821065819,0.0003960848,0.0011527263,0.4754913082,0.0000011509,0.0738996694,0.000000349]}
{"word_key":"F3T9","exemplar":[-0.5,-0.3,0.7],"frequency":3,"exemplar_strength":[0.0000303885,0.0000251951,0.6220214293]}
{"word_key":"F8T4","exemplar":[-0.5,0.6,1.3,-0.9,-0.2,0.8,0.1],"frequency":8,"exemplar_strength":[0.0000000001,0.0000064545,0.0000346485,0.0000043545,0.314831954,0.6259194316,0.0000000878]}
{"word_key":"F3T1","exemplar":[0.8,-1.1,1.4],"frequency":3,"exemplar_strength":[0.0000000003,0.3013610998,0.0000000007]}
{"word_key":"F6T13","exemplar":[0.3,-1.9,-1.1,1.9,0.4,-1.5],"frequency":6,"exemplar_strength":[0.000000047,0.8342965762,0.0000000017,0.0000000002,0.0000000001,0.0000000108]}
{"word_key":"F10T3","exemplar":[-0.4,0.8,-0.2,-0.4,1.1,-0.2,1.5,0.5,-0.2,-0.9],"frequency":10,"exemplar_strength":[0.0000000013,0.0000000011,0.3436070219,0.9277756062,0.0000009602,0.0000000156,0.0000000083,0.0001513466,0.722635758,0.0000000001]}
{"word_key":"F7T4","exemplar":[-1.4,0.2,-0.7,-2.1,-0.9,1.2,-1.5],"frequency":7,"exemplar_strength":[0.0468367881,0.1970594377,0.0000000003,0.0000000229,0.9105497655,0.0022774704,0.0000007912]}
{"word_key":"F4T7","exemplar":[-0.2,0.1,-0.8],"frequency":4,"exemplar_strength":[0.000000277,0.0092296311,0.1061699402]}
{"word_key":"F4T6","exemplar":[0.2,0.5,0.2,1.0],"frequency":4,"exemplar_strength":[0.7409208188,0.0902529272,0.0000395056,0.1003653457]}
{"word_key":"F2T3","exemplar":[-0.2,0.7],"frequency":2,"exemplar_strength":[0.000008391,0.0530699716]}
{"word_key":"F4T9","exemplar":[0.5,0.6,0.9],"frequency":4,"exemplar_strength":[0.0032719888,0.4170304284,0.0000004236]}
{"word_key":"F7T12","exemplar":[-0.2,0.6,-0.8,-0.5,0.4,0.1],"frequency":7,"exemplar_strength":[0.0000000002,0.8715896694,0.0000000026,0.0291334859,0.0055644757,0.5125068012]}
{"word_key":"F8T6","exemplar":[0.2,0.5,1.6,0.5,-1.1,1.3,1.2,0.0],"frequency":8,"exemplar_strength":[0.0000005717,0.0000000001,0.0000000021,0.0000013371,0.0000000011,0.0000000404,0.0847872249,0.9394401659]}
{"word_key":"F2T1","exemplar":[1.5,1.9],"frequency":2,"exemplar_strength":[0.0000476488,0.5157185116]}
{"word_key":"F2T2","exemplar":[-0.2,-0.4],"frequency":2,"exemplar_strength":[0.0000207592,0.5558655651]}
{"word_key":"F9T3","exemplar":[0.7,0.6,0.1,0.6,-0.7,0.9,1.2,-0.5],"frequency":9,"exemplar_strength":[0.7048019511,0.0000000194,0.0000000001,0.0008073841,0.0000000009,0.0000000223,0.000000003,0.0000001904]}
{"word_key":"F8T5",