{"word_key":"F8T6","exemplar":[0.2,0.5,1.6,0.5,-1.1,1.3,1.2],"frequency":8,"exemplar_strength":[0.0000000003,0.3233193306,0.0000181192,0.6659895298,0.0217596229,0.000000794,0.5253999806]}
{"word_key":"F7T9","exemplar":[-1.1,-0.6,0.6,-0.3,0.5,-1.0],"frequency":7,"exemplar_strength":[0.1777200622,0.0000000021,0.0000009729,0.0353597956,0.0000000045,0.027582188]}
{"word_key":"F8T3","exemplar":[-1.5,-0.9,-0.3,0.2,0.4,0.1,-0.5,1.0],"frequency":8,"exemplar_strength":[0.0000254243,0.387338444,0.0028833148,0.000495356,0.000000075,0.0000000011,0.0000000446,0.0000002372]}
{"word_key":"F10T3","exemplar":[-0.4,0.8,-0.2,-0.4,1.1,-0.2,1.5,0.5,-0.2,-0.9],"frequency":10,"exemplar_strength":[0.1093649289,0.066545089,0.0000000006,0.0000000081,0.1081370186,0.0581128013,0.0000000068,0.0003225355,0.0001207694,0.6294322415]}
{"word_key":"F5T4","exemplar":[-1.5,0.1,-1.9,-1.4,0.5],"frequency":5,"exemplar_strength":[0.0000000364,0.0361673853,0.0000269009,0.0000000014,0.0000002002]}
{"word_key":"F7T6","exemplar":[1.4,-1.6,-1.2,0.4,0.6,-0.3],"frequency":7,"exemplar_strength":[0.0987972657,0.0000141337,0.0000000344,0.014656236,0.0000079464,0.0673007174]}
{"word_key":"F4T4","exemplar":[-0.8,1.3,1.4,-0.5],"frequency":4,"exemplar_strength":[0.0000007254,0.0000000002,0.6889353214,0.0000000003]}
{"word_key":"F6T13","exemplar":[0.3,-1.9,-1.1,1.9,0.4],"frequency":6,"exemplar_strength":[0.0000027805,0.0051283765,0.0000000002,0.0000002192,0.3382566972]}
{"word_key":"F7T8","exemplar":[2.3,0.7,-0.4,1.0,1.9,1.9,-1.6],"frequency":7,"exemplar_strength":[0.0000044677,0.000000169,0.0230234171,0.8347204766,0.0298506984,0.0000001064,0.0000000908]}
{"word_key":"F4T3","exemplar":[-1.2,0.7,-1.0,-0.1],"frequency":4,"exemplar_strength":[0.0000000096,0.0243606121,0.0000000499,0.0000000002]}
{"word_key":"F8T4","exemplar":[-0.5,0.6,1.3,-0.9,0.8,0.1],"frequency":8,"exemplar_strength":[0.4693028801,0.0084283385,0.0000001052,0.000000002,0.0000000008,0.0000183249]}
{"word_key":"F7T12","exemplar":[-0.2,0.6,-0.8,-0.5,-1.5,0.1],"frequency":7,"exemplar_strength":[0.0000000251,0.0015148935,0.014168093,0.5882025261,0.0000000002,0.0000000002]}
{"word_key":"F10T1","exemplar":[-1.0,-1.2,0.2,0.5,1.2,-2.1,1.9,1.6,0.2],"frequency":10,"exemplar_strength":[0.00000002,0.0023797396,0.0222565954,0.0000000793,0.5435019446,0.000000054,0.0000000001,0.0006643749,0.0374134849]}
{"word_key":"F4T5","exemplar":[-1.2,0.7,-1.6,0.6],"frequency":4,"exemplar_strength":[0.0530936209,0.0000001958,0.0001601582,0.0000000017]}
{"word_key":"F5T9","exemplar":[-2.1,-0.6,1.6,0.2,0.3],"frequency":5,"exemplar_strength":[0.0000000005,0.0003530262,0.0000000007,0.8832008611,0.0443183325]}
{"word_key":"F7T5","exemplar":[0.5,0.3,-0.4,0.6,0.4,-1.0,-0.3],"frequency":7,"exemplar_strength":[0.0000000002,0.1183597006,0.0000000565,0.490984693,0.0000227097,0.0000579719,0.0000000013]}
{"word_key":"F2T9","exemplar":[1.2,0.9],"frequency":2,"exemplar_strength":[0.0006138856,0.0000000394]}
{"word_key":"F6T10","exemplar":[-0.4,1.9,2.3,2.2,1.6,-0.7],"frequency":6,"exemplar_strength":[0.0000399389,0.6812002021,0.0000087964,0.0000000047,0.008620835,0.0000000123]}
{"word_key":"F2T7","exemplar":[-0.9,-0.6],"frequency":2,"exemplar_strength":[0.0387025172,0.0001414518]}
{"word_key":"F4T2","exemplar":[1.6,1.5,1.5,-1.2],"frequency":4,"exemplar_strength":[0.0000000056,0.0000308043,0.8253485337,0.3125508045]}
{"word_key":"F3T7","exemplar":[-1.1,-1.5,1.1],"frequency":3,"exemplar_strength":[0.068064926,0.0000000037,0.0010203595]}
{"word_key":"F8T7","exemplar":[0.9,1.2,1.2,0.3,-0.7,-0.3,1.4,-1.0],"frequency":8,"exemplar_strength":[0.0000033689,0.0000996769,0.0054262315,0.0000004566,0.4052334964,0.0000000052,0.0000015112,0.1224376282]}
{"word_key":"F6T8","exemplar":[-0.9,-0.8,2.3,1.4,-1.0,0.5],"frequency":6,"exemplar_strength":[0.5948816444,0.0005182415,0.0000000149,0.0000032937,0.000003646,0.0000101871]}
{"word_key":"F7T10","exemplar":[-0.9,0.5,-0.1,0.9,0.5,0.3,-1.1],"frequency":7,"exemplar_strength":[0.0013080798,0.3021409366,0.1106067823,0.0000002538,0.0000000002,0.0000795281,0.0000483903]}
{"word_key":"F6T11","exemplar":[0.7,0.2,1.1,0.2,0.2],"frequency":6,"exemplar_strength":[0.000269227,0.6153775076,0.000000185,0.0089178545,0.000029444]}
{"word_key":"F3T2","exemplar":[-0.5,-1.2],"frequency":3,"exemplar_strength":[0.0000000035,0.0853094305]}
{"word_key":"F12T1","exemplar":[-1.5,0.8,0.5,-1.6,-0.5,1.5,-0.2,-1.7,-1.1,1.2,-0.6],"frequency":12,"exemplar_strength":[0.6735519299,0.0000000103,0.0002100088,0.0000120672,0.4435420537,0.000248767,0.0400359614,0.0000000015,0.0000000009,0.0034542279,0.000000016]}
{"word_key":"F6T14","exemplar":[1.2,0.1,-1.5,-0.8,1.5,-0.9],"frequency":6,"exemplar_strength":[0.924004778,0.0000001395,0.0012086719,0.0071151936,0.0000011268,0.0468923317]}
{"word_key":"F3T4","exemplar":[-0.2,-1.3,-1.7],"frequency":3,"exemplar_strength":[0.0000004079,0.0020089734,0.0000517822]}
{"word_key":"F8T1","exemplar":[1.8,0.9,-0.4,-0.4,1.9],"frequency":8,"exemplar_strength":[0.7126716801,0.0120965029,0.0000985577,0.3619666045,0.0103278107]}
{"word_key":"F11T1","exemplar":[-0.2,-1.3,-0.5,-0.9,1.5,0.7,-1.4,-0.5,0.2,-1.1],"frequency":11,"exemplar_strength":[0.00018548,0.0000224548,0.5313659676,0.2668511354,0.0438207421,0.0004897944,0.0000000002,0.0000000034,0.0000016541,0.2579633482]}
{"word_key":"F10T2","exemplar":[1.4,-1.3,-0.3,-0.2,0.2,-0.2,0.9,-0.2,2.0],"frequency":10,"exemplar_strength":[0.2698812657,0.0999191219,0.2729458035,0.0020317856,0.0000000007,0.000000007,0.7712857087,0.0002980243,0.0028509419]}
{"word_key":"F9T3","exemplar":[0.7,0.6,0.1,0.6,-0.6,-0.7,0.9,1.2,-0.5],"frequency":9,"exemplar_strength":[0.0029826556,0.0000000008,0.0000000012,0.0002662042,0.0000000505,0.0000024836,0.0000027184,0.9451083138,0.0000207483]}
{"word_key":"F6T2","exemplar":[-0.5,-0.2,1.8,0.6,-0.6],"frequency":6,"exemplar_strength":[0.6438079744,0.0000000002,0.000000067,0.0072776989,0.000000984]}
{"word_key":"F5T7","exemplar":[-0.7,-0.6,-0.1,-0.5,-1.6],"frequency":5,"exemplar_strength":[0.0000000015,0.2887984367,0.0000432237,0.4336381036,0.005305068]}
{"word_key":"F9T4","exemplar":[-0.9,-0.4,-1.6,-0.4,-0.6,-0.9,-0.5,2.3,-1.0],"frequency":9,"exemplar_strength":[0.0000760162,0.1280942517,0.0000000003,0.9033724678,0.0001235277,0.0000002399,0.0210348934,0.0000000612,0.1587448422]}
{"word_key":"F4T7","exemplar":[-0.2,0.1,1.8,-0.8],"frequency":4,"exemplar_strength":[0.0000106577,0.0000000002,0.1679647083,0.0000001616]}
{"word_key":"F5T1","exemplar":[0.3,-0.5,-2.2],"frequency":5,"exemplar_strength":[0.0065744728,0.0000000002,0.0000000033]}
{"word_key":"F9T5","exemplar":[0.1,-1.6,-0.2,0.1,0.1,0.4,0.2,0.3,0.0],"frequency":9,"exemplar_strength":[0.0000039016,0.0000694507,0.0000003328,0.9776707754,0.8634796707,0.0000142942,0.4385621222,0.0033391808,0.0000000002]}
{"word_key":"F3T5","exemplar":[0.2,1.5,-0.2],"frequency":3,"exemplar_strength":[0.0169734581,0.0000000002,0.0000870463]}
{"word_key":"F6T5","exemplar":[0.6,0.2,1.3,0.6,1.2],"frequency":6,"exemplar_strength":[0.2953943638,0.0000000002,0.0001249304,0.0000000849,0.0000001178]}
{"word_key":"F6T4","exemplar":[0.1,0.8,-1.1,-0.6,1.9,0.3],"frequency":6,"exemplar_strength":[0.4746318771,0.0000000451,0.0000043189,0.0000000039,0.0000000002,0.0000000099]}
{"word_key":"F7T4","exemplar":[-1.4,0.2,-0.7,-2.1,-0.9,1.2,-1.5],"frequency":7,"exemplar_strength":[0.0031917231,0.0779412876,0.0288564862,0.0000154699,0.0001733305,0.000000003,0.9344969758]}
{"word_key":"F3T3","exemplar":[0.2,-1.4,-0.4],"frequency":3,"exemplar_strength":[0.0601150013,0.0000045697,0.0000000483]}
{"word_key":"F2T1","exemplar":[1.5],"frequency":2,"exemplar_strength":[0.1500310702]}
{"word_key":"F7T11","exemplar":[0.2,1.4,-0.4,0.2,-1.1,-0.2,-0.1],"frequency":7,"exemplar_strength":[0.0087187258,0.0000000179,0.0047924523,0.0000107788,0.3307036875,0.0000004125,0.7455971417]}
{"word_key":"F6T1","exemplar":[-1.0,0.7,0.1,1.2,0.9],"frequency":6,"exemplar_strength":[0.0000000662,0.0000974512,0.3344588721,0.0129444002,0.0000000002]}
{"word_key":"F6T6","exemplar":[0.1,-0.7,0.9,-0.2,-0.2,1.3],