{"word_key":"F6T10","exemplar":[-0.4,1.9,2.3,2.2,1.6,-0.7],"frequency":6,"exemplar_strength":[0.0000000015,0.1063040961,0.000000014,0.0000000033,0.7320421435,0.3021319136]}
{"word_key":"F5T6","exemplar":[-0.1,-0.9,0.6,-0.4,-1.2],"frequency":5,"exemplar_strength":[0.6710149566,0.0000000002,0.0000000031,0.0000046398,0.0065114154]}
{"word_key":"F1T4","exemplar":[0.2],"frequency":1,"exemplar_strength":[0.3493036099]}
{"word_key":"F10T2","exemplar":[1.4,-1.3,-0.3,-0.2,0.2,-0.2,0.9,-0.2,-0.5,2.0],"frequency":10,"exemplar_strength":[0.0000000178,0.0000000463,0.000000002,0.0012188511,0.810290253,0.0000001083,0.0023584686,0.0000000086,0.0000000005,0.0000000008]}
{"word_key":"F3T5","exemplar":[0.2,-0.2],"frequency":3,"exemplar_strength":[0.0001646119,0.5020179609]}
{"word_key":"F9T3","exemplar":[0.7,0.6,0.1,0.6,-0.6,-0.7,0.9,1.2,-0.5],"frequency":9,"exemplar_strength":[0.0134495503,0.0000000031,0.0000025045,0.0000062469,0.0000001813,0.0000009138,0.0000000004,0.0000000243,0.978473412]}
{"word_key":"F4T10","exemplar":[-0.5,-0.9,0.0,-1.1],"frequency":4,"exemplar_strength":[0.008454483,0.0031984803,0.000016393,0.8587034422]}
{"word_key":"F4T11","exemplar":[1.0,-2.0,-0.3],"frequency":4,"exemplar_strength":[0.0000004861,0.4947873733,0.0000000937]}
{"word_key":"F4T3","exemplar":[-1.2,0.7,-1.0,-0.1],"frequency":4,"exemplar_strength":[0.3467789684,0.0000000003,0.0000002157,0.0069004592]}
{"word_key":"F4T4","exemplar":[-0.8,1.3,1.4,-0.5],"frequency":4,"exemplar_strength":[0.0012012959,0.2244054151,0.0000000001,0.1331098002]}
{"word_key":"F5T10","exemplar":[-0.9,0.8,0.5,-0.4,-0.3],"frequency":5,"exemplar_strength":[0.0000000009,0.0000000008,0.2594417142,0.028806583,0.0000000001]}
{"word_key":"F7T11","exemplar":[0.2,-0.4,0.2,-0.2,-0.1],"frequency":7,"exemplar_strength":[0.0000007192,0.0003400116,0.6808208504,0.0000000009,0.0000001164]}
{"word_key":"F7T4","exemplar":[-1.4,0.2,-0.7,-2.1,-0.9,1.2,-1.5],"frequency":7,"exemplar_strength":[0.9233076632,0.0000000029,0.0000000008,0.0000000059,0.6565702941,0.0000000002,0.0000000004]}
{"word_key":"F5T13","exemplar":[-0.3,-1.6,0.4,-1.0],"frequency":5,"exemplar_strength":[0.0002348698,0.9855969543,0.0557405431,0.0000276364]}
{"word_key":"F5T11","exemplar":[-0.7,-0.1,-0.9,-0.4,-0.5],"frequency":5,"exemplar_strength":[0.8221314499,0.0000044422,0.0000000024,0.0000000002,0.0000000037]}
{"word_key":"F9T4","exemplar":[-0.9,-0.4,-1.6,-0.4,-0.6,-0.9,-0.5,2.3,-1.0],"frequency":9,"exemplar_strength":[0.0000230528,0.0000000528,0.4568409734,0.0000042223,0.000000558,0.5516624991,0.0000019571,0.2613305177,0.0000010114]}
{"word_key":"F3T9","exemplar":[-0.5,-0.3,0.7],"frequency":3,"exemplar_strength":[0.6957990294,0.0002091327,0.0000694341]}
{"word_key":"F5T8","exemplar":[1.6,-0.9,-0.4,0.6,0.6],"frequency":5,"exemplar_strength":[0.0000000021,0.0000000093,0.711106731,0.0074196126,0.0000004205]}
{"word_key":"F7T12","exemplar":[-0.2,0.6,-0.8,-0.5,0.4,-1.5,0.1],"frequency":7,"exemplar_strength":[0.9300295843,0.000000127,0.0000206761,0.0000000002,0.0000613786,0.7871170507,0.0000001774]}
{"word_key":"F9T1","exemplar":[-1.2,-0.5,1.6,-1.2,-0.9,-0.6,0.9,1.0],"frequency":9,"exemplar_strength":[0.0000000022,0.0000000007,0.8775950697,0.0005568211,0.3622052093,0.0000000048,0.0000000001,0.0000000011]}
{"word_key":"F7T6","exemplar":[1.4,-0.5,-1.6,-1.2,0.4,0.6,-0.3],"frequency":7,"exemplar_strength":[0.0000015405,0.0432424079,0.0000002761,0.0000000781,0.0000000001,0.0000000269,0.9034319996]}
{"word_key":"F2T3","exemplar":[-0.2,0.7],"frequency":2,"exemplar_strength":[0.023172988,0.0001034762]}
{"word_key":"F5T5","exemplar":[-1.9,-0.8,-0.4,1.4,0.9],"frequency":5,"exemplar_strength":[0.0000000004,0.0073659863,0.0000000003,0.5358856998,0.0000000012]}
{"word_key":"F10T1","exemplar":[0.2,-1.0,-1.2,0.2,0.5,1.2,-2.1,1.9,1.6,0.2],"frequency":10,"exemplar_strength":[0.0000000005,0.0000004654,0.0000000828,0.0010696577,0.0000000008,0.0000000495,0.0000000238,0.008766751,0.0000000044,0.8969023163]}
{"word_key":"F7T5","exemplar":[0.5,0.3,-0.4,0.6,0.4,-1.0,-0.3],"frequency":7,"exemplar_strength":[0.000003787,0.0000020002,0.000000001,0.0912836932,0.3178695059,0.0012823392,0.0000000009]}
{"word_key":"F6T13","exemplar":[0.3,-1.1,1.9,0.4,-1.5],"frequency":6,"exemplar_strength":[0.0147795759,0.0000000822,0.8161893778,0.0000000001,0.0000001626]}
{"word_key":"F6T14","exemplar":[1.2,0.1,-1.5,-0.8,1.5,-0.9],"frequency":6,"exemplar_strength":[0.0000012943,0.0000000079,0.0000001308,0.1818335206,0.0000000003,0.2575665623]}
{"word_key":"F6T11","exemplar":[0.7,0.2,1.1,0.2,0.9],"frequency":6,"exemplar_strength":[0.0000000142,0.0000185444,0.0000000045,0.0000000376,0.9166343257]}
{"word_key":"F6T1","exemplar":[0.7,0.1,1.2,1.2,0.9],"frequency":6,"exemplar_strength":[0.0000005661,0.6661651005,0.4702906481,0.0003071773,0.0000005744]}
{"word_key":"F7T3","exemplar":[-1.9,0.7,-0.2,-1.9,-1.5,0.7,1.8],"frequency":7,"exemplar_strength":[0.3065471259,0.0000000206,0.0000000078,0.0000000019,0.0000001243,0.0000000005,0.0000004688]}
{"word_key":"F8T4","exemplar":[-0.5,0.6,1.3,-0.9,0.1,-0.2,0.8,0.1],"frequency":8,"exemplar_strength":[0.3518466315,0.0000027722,0.0000000108,0.0000132831,0.0000000021,0.0000001022,0.3674983042,0.0000000003]}
{"word_key":"F10T3","exemplar":[-0.4,0.8,-0.2,-0.4,1.1,-0.2,1.5,0.5,-0.2,-0.9],"frequency":10,"exemplar_strength":[0.0000003012,0.0000061124,0.8341456884,0.0000000267,0.0000000014,0.0000003169,0.0000166326,0.0000177546,0.0000005303,0.0000000002]}
{"word_key":"F11T1","exemplar":[-0.2,-1.3,-0.9,0.6,1.5,0.7,-1.4,-0.5,0.2],"frequency":11,"exemplar_strength":[0.0002898589,0.0000011779,0.0000232206,0.6018348688,0.0000000404,0.0000000004,0.0000000201,0.0000002337,0.0000000001]}
{"word_key":"F9T5","exemplar":[0.1,-1.6,-0.2,0.1,0.1,0.4,0.2,0.3,0.0],"frequency":9,"exemplar_strength":[0.5720382649,0.0000000198,0.0000600574,0.0000000089,0.0000009969,0.0000001139,0.0000000187,0.0000000006,0.0000002051]}
{"word_key":"F4T6","exemplar":[0.2,0.5,0.2,1.0],"frequency":4,"exemplar_strength":[0.5167976735,0.0000062018,0.0003424869,0.15614107]}
{"word_key":"F6T7","exemplar":[-0.4,-1.2,1.2,-0.2,0.7,-0.6],"frequency":6,"exemplar_strength":[0.0000004085,0.0053532394,0.0000000003,0.0000000033,0.8839841912,0.0000000986]}
{"word_key":"F8T6","exemplar":[0.2,0.5,1.6,0.5,-1.1,1.3,1.2,0.0],"frequency":8,"exemplar_strength":[0.0000000009,0.000000017,0.0200435925,0.0065588202,0.0000000013,0.0000000026,0.5281673136,0.0000000028]}
{"word_key":"F9T2","exemplar":[0.8,0.4,0.2,1.1,-0.8,-2.0,1.3,-0.6],"frequency":9,"exemplar_strength":[0.0000000247,0.0000763004,0.0000058521,0.0000000029,0.4405684874,0.7427398597,0.0000001469,0.014566705]}
{"word_key":"F7T9","exemplar":[-1.1,-0.8,-0.6,0.6,-0.3,0.5,-1.0],"frequency":7,"exemplar_strength":[0.0000000011,0.0000002036,0.0000000028,0.8524970409,0.0000003611,0.0000000125,0.5476752799]}
{"word_key":"F12T1","exemplar":[-1.5,0.8,0.5,-1.6,-0.5,1.5,-0.2,0.7,-1.7,-1.1,1.2,-0.6],"frequency":12,"exemplar_strength":[0.0000000003,0.0000000023,0.0000000164,0.0000645758,0.7535939072,0.0000003968,0.0012100417,0.0000027924,0.0001333834,0.0000417879,0.0000000061,0.0000186795]}
{"word_key":"F8T1","exemplar":[-0.5,1.8,-1.6,0.9,-0.4,1.5,-0.4,1.9],"frequency":8,"exemplar_strength":[0.0000018874,0.0000000258,0.4038401983,0.0000000123,0.0000000103,0.0000000045,0.7986196054,0.0000008941]}
{"word_key":"F7T10","exemplar":[-0.9,0.5,-0.1,0.9,0.5,0.3,-1.1],"frequency":7,"exemplar_strength":[0.0000247872,0.0000000002,0.0537550881,0.0000000032,0.0000934837,0.9368004428,0.0000000006]}
{"word_key":"F4T2","exemplar":[1.6,1.5,1.5],"frequency":4,"exemplar_strength":[0.1607379576,0.0183726449,0.0939711404]}
{"word_key":"F7T8","exemplar":[0.7,-0.4,1.0,1.9,1.9,-1.6],"frequency":7,"exemplar_strength":[0.000000003,0.0000000005,0.4279688261,0.2709828131,0.0000000002,0.0000000145]}
{"word_key":"F4T9","exemplar":[0.5,0.6,0.9,-0.1],"frequency":4,"exemplar_strength":[0.5437168789,0.0000000136,0.0005254279,0.8904198272]}
{"word_key":"F4T8","exemplar":[0.7,-0.3,1.6,-0.3],"frequency":4,