{"word_key":"F7T8","exemplar":[2.3,0.7,-0.4,1.0,1.9,1.9,-1.6],"frequency":7,"exemplar_strength":[0.0002159924,0.0000060062,0.5172794773,0.0000000428,0.0000003138,0.007993303,0.4546895478]}
{"word_key":"F4T5","exemplar":[-1.2,0.7,-1.6,0.6],"frequency":4,"exemplar_strength":[0.6232022068,0.0000012963,0.0000000001,0.0000000001]}
{"word_key":"F6T11","exemplar":[0.7,0.2,1.1,0.2,0.2,0.9],"frequency":6,"exemplar_strength":[0.000232036,0.3223697118,0.0000000001,0.00000627,0.0000000005,0.0000000007]}
{"word_key":"F2T2","exemplar":[-0.2,-0.4],"frequency":2,"exemplar_strength":[0.0055070473,0.0000000793]}
{"word_key":"F7T3","exemplar":[0.7,-0.2,-1.9,-1.5,0.7,1.8],"frequency":7,"exemplar_strength":[0.0000001873,0.0007732464,0.0000001254,0.0000070316,0.0000000184,0.2038011253]}
{"word_key":"F4T2","exemplar":[1.6,1.5,1.5,-1.2],"frequency":4,"exemplar_strength":[0.0500399526,0.0000000001,0.000000129,0.0109557039]}
{"word_key":"F4T4","exemplar":[-0.8,1.3,1.4,-0.5],"frequency":4,"exemplar_strength":[0.6694926344,0.0000000473,0.0446200421,0.0062651156]}
{"word_key":"F6T12","exemplar":[0.4,-0.9,0.5,0.5,0.1,0.5],"frequency":6,"exemplar_strength":[0.0013329251,0.0000000028,0.0116020236,0.9045580665,0.0000982095,0.000252869]}
{"word_key":"F6T7","exemplar":[-0.4,-1.2,1.2,-0.2,0.7,-0.6],"frequency":6,"exemplar_strength":[0.1552253539,0.0031947065,0.0000000115,0.0000769762,0.0000010456,0.0000000013]}
{"word_key":"F8T2","exemplar":[1.5,0.6,1.0,-1.2,0.3,1.5,-1.1,-1.9],"frequency":8,"exemplar_strength":[0.0001183197,0.0000005894,0.0000000001,0.0000019925,0.000113341,0.0000000017,0.0000000267,0.9857723577]}
{"word_key":"F6T9","exemplar":[-0.2,-0.9,0.4,0.4,0.2],"frequency":6,"exemplar_strength":[0.0000000005,0.0000000453,0.0009725048,0.6889576578,0.0000015617]}
{"word_key":"F4T7","exemplar":[-0.2,0.1,1.8,-0.8],"frequency":4,"exemplar_strength":[0.1870106728,0.0000001309,0.0006994463,0.0000290514]}
{"word_key":"F7T10","exemplar":[-0.9,0.5,-0.1,0.3,-1.1],"frequency":7,"exemplar_strength":[0.0000012241,0.2158241476,0.0000000082,0.0004116138,0.0000001406]}
{"word_key":"F6T3","exemplar":[0.3,-1.6,-0.5,-1.6,1.0,0.3],"frequency":6,"exemplar_strength":[0.0000000007,0.0320916909,0.0000000295,0.0000000828,0.0000200152,0.0926662415]}
{"word_key":"F3T6","exemplar":[1.6,0.6,0.5],"frequency":3,"exemplar_strength":[0.0000716538,0.1039222311,0.0000002224]}
{"word_key":"F6T5","exemplar":[-1.1,0.6,0.2,1.3,0.6,1.2],"frequency":6,"exemplar_strength":[0.8790017152,0.0000030191,0.0000000001,0.0237520967,0.0000000969,0.0000000095]}
{"word_key":"F6T10","exemplar":[-0.4,1.9,2.3,2.2,1.6,-0.7],"frequency":6,"exemplar_strength":[0.0000569725,0.0010298766,0.5718587855,0.0000000091,0.142436887,0.0000005408]}
{"word_key":"F5T10","exemplar":[-0.9,0.8,0.5,-0.4],"frequency":5,"exemplar_strength":[0.0000007738,0.0068276189,0.0049814441,0.0000000004]}
{"word_key":"F8T3","exemplar":[-1.5,-0.9,-0.3,0.2,0.4,0.1,-0.5,1.0],"frequency":8,"exemplar_strength":[0.4884631342,0.0004818889,0.0000027309,0.000000581,0.0000000001,0.0001101388,0.0000000002,0.0000000677]}
{"word_key":"F8T6","exemplar":[0.2,0.5,1.6,0.5,-1.1,1.3,1.2,0.0],"frequency":8,"exemplar_strength":[0.0000000045,0.0000002531,0.0000000001,0.4172292872,0.0003003142,0.0026517174,0.0001575885,0.1643827022]}
{"word_key":"F8T8","exemplar":[-0.8,-0.1,0.2,-0.2,-0.1,-2.2,0.7,0.3],"frequency":8,"exemplar_strength":[0.000159863,0.0000000174,0.000000003,0.0019909482,0.0000000027,0.1791415387,0.0000000001,0.0003618092]}
{"word_key":"F10T3","exemplar":[-0.4,0.8,-0.2,-0.4,1.1,-0.2,1.5,0.5,-0.2,-0.9],"frequency":10,"exemplar_strength":[0.0000000105,0.7508146131,0.0078795772,0.0000003621,0.0000041977,0.0000032902,0.0000000382,0.0000000023,0.0000000001,0.0000340114]}
{"word_key":"F4T3","exemplar":[-1.2,0.7,-1.0,-0.1],"frequency":4,"exemplar_strength":[0.0006700146,0.0000000001,0.0758218628,0.0000097767]}
{"word_key":"F5T7","exemplar":[-0.7,-0.6,-0.1,-0.5,-1.6],"frequency":5,"exemplar_strength":[0.000021196,0.0000001201,0.0065403227,0.0000000002,0.9717471413]}
{"word_key":"F5T12","exemplar":[1.0,-1.6,-1.5,1.2,-0.7],"frequency":5,"exemplar_strength":[0.0000000009,0.000001433,0.0000000035,0.4679093238,0.0000000002]}
{"word_key":"F3T1","exemplar":[0.8,-1.1,1.4],"frequency":3,"exemplar_strength":[0.5637225832,0.0000000259,0.0000000852]}
{"word_key":"F6T4","exemplar":[0.1,0.8,-1.1,-0.6,1.9,0.3],"frequency":6,"exemplar_strength":[0.0001010649,0.0000000002,0.0000398182,0.5026648533,0.0010152239,0.0000002257]}
{"word_key":"F1T5","exemplar":[0.5],"frequency":1,"exemplar_strength":[0.9579214705]}
{"word_key":"F5T11","exemplar":[-0.7,-0.1,-0.9,-0.4,-0.5],"frequency":5,"exemplar_strength":[0.0000001447,0.0000000006,0.0000084715,0.1924478754,0.0000620877]}
{"word_key":"F7T9","exemplar":[-1.1,-0.8,-0.6,0.6,-0.3,0.5,-1.0],"frequency":7,"exemplar_strength":[0.0000244617,0.6321968779,0.588485174,0.0000000256,0.0000000011,0.2958108136,0.0000000054]}
{"word_key":"F3T5","exemplar":[0.2,1.5,-0.2],"frequency":3,"exemplar_strength":[0.0096300826,0.0000000002,0.5400019659]}
{"word_key":"F8T4","exemplar":[-0.5,0.6,1.3,-0.9,0.8,0.1],"frequency":8,"exemplar_strength":[0.0000002356,0.0001217598,0.0736796785,0.0000000508,0.0000603336,0.0000000116]}
{"word_key":"F7T4","exemplar":[-1.4,0.2,-0.7,-2.1,-0.9,1.2,-1.5],"frequency":7,"exemplar_strength":[0.0126436926,0.000000002,0.0000000024,0.2916021232,0.0042549872,0.3044113032,0.0000000304]}
{"word_key":"F2T4","exemplar":[0.8,-0.2],"frequency":2,"exemplar_strength":[0.1069436962,0.0000000002]}
{"word_key":"F11T1","exemplar":[-0.2,-1.3,-0.9,0.6,1.5,0.7,-1.4,-0.5,0.2,-1.1],"frequency":11,"exemplar_strength":[0.0000000007,0.000027433,0.0000000209,0.0585833086,0.0002602209,0.0000009594,0.0023645055,0.1288424351,0.0000000002,0.0000676622]}
{"word_key":"F2T1","exemplar":[1.5,1.9],"frequency":2,"exemplar_strength":[0.0015382942,0.0002254803]}
{"word_key":"F3T10","exemplar":[0.5,-1.3,-1.6],"frequency":3,"exemplar_strength":[0.0000000002,0.6505775536,0.0000005646]}
{"word_key":"F10T2","exemplar":[1.4,-1.3,-0.3,-0.2,0.2,-0.2,0.9,-0.2,-0.5,2.0],"frequency":10,"exemplar_strength":[0.0000000312,0.0594288408,0.7726440153,0.0025039969,0.0205810871,0.0000000003,0.0000000148,0.0000000153,0.0000042583,0.0000033858]}
{"word_key":"F7T7","exemplar":[1.6,1.2,1.6,-1.6,-0.9,-0.6,1.2],"frequency":7,"exemplar_strength":[0.9176135437,0.0000000002,0.0000000155,0.0000001694,0.0000018547,0.0000000034,0.0000000228]}
{"word_key":"F5T5","exemplar":[-1.9,-0.8,-0.4,1.4,0.9],"frequency":5,"exemplar_strength":[0.0000000006,0.0021084019,0.1199339407,0.121664946,0.0000095005]}
{"word_key":"F6T2","exemplar":[-1.1,-0.5,-0.2,1.8,0.6,-0.6],"frequency":6,"exemplar_strength":[0.2189391353,0.0381129856,0.0000085937,0.0000002567,0.0000330505,0.0000033376]}
{"word_key":"F4T6","exemplar":[0.2,0.5,0.2,1.0],"frequency":4,"exemplar_strength":[0.0000780872,0.9442925065,0.0069261618,0.0000000113]}
{"word_key":"F12T1","exemplar":[-1.5,0.8,0.5,-1.6,-0.5,1.5,-0.2,0.7,-1.7,-1.1,1.2,-0.6],"frequency":12,"exemplar_strength":[0.1024436627,0.0007301708,0.0012952662,0.0001844937,0.0000000004,0.0000000071,0.0240949105,0.0008072127,0.0000168531,0.0000096376,0.0000000241,0.0705793459]}
{"word_key":"F9T3","exemplar":[0.7,0.6,0.1,0.6,-0.6,-0.7,1.2,-0.5],"frequency":9,"exemplar_strength":[0.3883809906,0.0000000039,0.0234141604,0.3667452591,0.0000000003,0.0000000516,0.0049105699,0.0000000012]}
{"word_key":"F3T9","exemplar":[-0.5,-0.3,0.7],"frequency":3,"exemplar_strength":[0.0002422286,0.3563836571,0.0000000326]}
{"word_key":"F5T13","exemplar":[-0.3,-1.0,-1.6,0.4,-1.0],"frequency":5,"exemplar_strength":[0.001494833,0.0000000002,0.002540137,0.0000004963,0.7401322914]}
{"word_key":"F8T7","exemplar":[0.9,1.2,1.2,0.3,-0.7,-0.3,1.4,-1.0],"frequency":8,"exemplar_strength":[0.0000000012,0.0012768376,0.000001334,0.0006796849,0.0003180309,0.0459173382,1.0,0.0000007307]}
{"word_key":"F7T2","exemplar":[1.6,-0.8,-0.8,0.5,0.7,-0.4],"frequency":7,