{"word_key":"F6T4","exemplar":[0.1,0.8,-1.1,-0.6,1.9,0.3],"frequency":6,"exemplar_strength":[0.0148815794,0.0000000065,0.178632958,0.0000410477,0.0000041636,0.2201885976]}
{"word_key":"F4T1","exemplar":[-1.2,0.4,-0.9,-0.5],"frequency":4,"exemplar_strength":[0.0000000008,0.3737227018,0.0000001014,0.0003852467]}
{"word_key":"F7T9","exemplar":[-1.1,-0.8,-0.6,0.6,-0.3,0.5,-1.0],"frequency":7,"exemplar_strength":[0.0000001234,0.0000000006,0.0252582746,0.0017496217,0.0919247566,0.0052945125,0.7173571799]}
{"word_key":"F5T2","exemplar":[0.1,1.0,1.2,-0.8,-1.5],"frequency":5,"exemplar_strength":[0.9637637907,0.0000000003,0.0000000001,0.0000000023,0.0001934299]}
{"word_key":"F8T6","exemplar":[0.2,0.5,1.6,0.5,-1.1,1.3,1.2,0.0],"frequency":8,"exemplar_strength":[0.000000062,0.0000004895,0.0000001265,0.0000436521,0.0000000977,0.0007961295,0.6999212618,0.0003712869]}
{"word_key":"F9T4","exemplar":[-0.9,-0.4,-1.6,-0.4,-0.6,-0.9,-0.5,2.3,-1.0],"frequency":9,"exemplar_strength":[0.0000000091,0.0066887579,0.9288406442,0.3471288351,0.0000000001,0.0000000005,0.0000313141,0.0285650505,0.0000000034]}
{"word_key":"F12T1","exemplar":[-1.5,0.8,0.5,-1.6,-0.5,1.5,-0.2,0.7,-1.1,1.2,-0.6],"frequency":12,"exemplar_strength":[0.0000213847,0.0020530752,0.7723145886,0.0001818896,0.0000000012,0.0008893484,0.1297299261,0.0099157527,0.0000000069,0.0000000013,0.1830829295]}
{"word_key":"F11T1","exemplar":[-0.2,-1.3,-0.5,-0.9,0.6,0.7,-1.4,-0.5,0.2,-1.1],"frequency":11,"exemplar_strength":[0.0000000034,0.4174819116,0.0000106058,0.0000002398,0.0000027742,0.000023023,0.0000080909,0.0000000006,0.0000000019,0.0000000497]}
{"word_key":"F6T12","exemplar":[0.4,-0.9,0.5,0.5,0.1,0.5],"frequency":6,"exemplar_strength":[0.0000137325,0.0000000024,0.5405594013,0.0010308358,0.7262373505,0.0000000149]}
{"word_key":"F9T3","exemplar":[0.7,0.6,0.1,0.6,-0.6,-0.7,0.9,1.2,-0.5],"frequency":9,"exemplar_strength":[0.0000002712,0.0590309476,0.0000000033,0.8842370029,0.0000000265,0.5678268845,0.000000002,0.0000000113,0.8734248691]}
{"word_key":"F7T6","exemplar":[1.4,-0.5,-1.6,-1.2,0.4,0.6,-0.3],"frequency":7,"exemplar_strength":[0.0000014813,0.0000000004,0.0119253919,0.0000000017,0.0000000202,0.0000000701,0.4123770922]}
{"word_key":"F2T6","exemplar":[-2.1,-0.2],"frequency":2,"exemplar_strength":[0.0000487633,0.0701267312]}
{"word_key":"F6T2","exemplar":[-1.1,-0.5,-0.2,1.8,0.6,-0.6],"frequency":6,"exemplar_strength":[0.364639084,0.1721599768,0.0000324915,0.0000000014,0.0005925822,0.0000000145]}
{"word_key":"F4T7","exemplar":[-0.2,0.1,1.8,-0.8],"frequency":4,"exemplar_strength":[0.0002057024,0.0001032818,0.0000007909,0.0262079515]}
{"word_key":"F10T1","exemplar":[-1.0,-1.2,0.2,0.5,1.2,-2.1,1.9,0.2],"frequency":10,"exemplar_strength":[0.0000065639,0.8627449423,0.0000001146,0.6663105051,0.0000000005,0.0875104592,0.0036604294,0.0010435965]}
{"word_key":"F6T7","exemplar":[-0.4,-1.2,1.2,0.7,-0.6],"frequency":6,"exemplar_strength":[0.0000000001,0.000000708,0.0023506031,0.0000007168,0.3601804078]}
{"word_key":"F4T4","exemplar":[-0.8,1.3,1.4,-0.5],"frequency":4,"exemplar_strength":[0.3304594418,0.0812832713,0.2370574532,0.0000012624]}
{"word_key":"F4T9","exemplar":[0.5,0.6,0.9,-0.1],"frequency":4,"exemplar_strength":[0.0001337303,0.063553364,0.0000000001,0.0000000064]}
{"word_key":"F5T4","exemplar":[-1.5,0.1,-1.9,-1.4,0.5],"frequency":5,"exemplar_strength":[0.0000000651,0.0000036366,0.8521956058,0.0000000007,0.0001774687]}
{"word_key":"F7T7","exemplar":[1.6,1.2,-1.6,-0.9,-0.6,1.2],"frequency":7,"exemplar_strength":[0.0000431183,0.0000008621,0.0000001118,0.0002938936,0.0000000063,0.156022468]}
{"word_key":"F6T3","exemplar":[0.3,-1.6,-1.6,1.0,0.3],"frequency":6,"exemplar_strength":[0.0215249907,0.0004465361,0.0004250931,0.0000000001,0.0000013591]}
{"word_key":"F5T12","exemplar":[1.0,-1.6,-1.5,1.2,-0.7],"frequency":5,"exemplar_strength":[0.0000000001,0.708585593,0.0000376606,0.0001288844,0.0000012017]}
{"word_key":"F7T2","exemplar":[-0.8,-0.8,0.5,0.7,-0.4],"frequency":7,"exemplar_strength":[0.0000000001,0.0000007623,0.0204913441,0.1742911465,0.0007304354]}
{"word_key":"F9T1","exemplar":[-1.2,-0.5,1.6,-1.2,-0.9,0.9],"frequency":9,"exemplar_strength":[0.0004303553,0.0000006658,0.0000000053,0.0718736762,0.0020279709,0.000000003]}
{"word_key":"F10T2","exemplar":[1.4,-1.3,-0.3,-0.2,0.2,-0.2,0.9,-0.2,-0.5,2.0],"frequency":10,"exemplar_strength":[0.0011948326,0.0000000011,0.0000001945,0.0085547655,0.0000000002,0.831482336,0.4494655937,0.0000001052,0.0000008411,0.0181192047]}
{"word_key":"F4T10","exemplar":[-0.5,-0.9,0.0,-1.1],"frequency":4,"exemplar_strength":[0.000000002,0.0019786795,0.0188004621,0.5083089627]}
{"word_key":"F7T5","exemplar":[0.5,0.3,0.6,0.4,-1.0,-0.3],"frequency":7,"exemplar_strength":[0.0000000003,0.0000023353,0.0000601071,0.4898897727,0.0113527254,0.0040390301]}
{"word_key":"F4T6","exemplar":[0.2,0.5,0.2,1.0],"frequency":4,"exemplar_strength":[0.0000000555,0.0076580805,0.0000000002,0.0009003576]}
{"word_key":"F6T1","exemplar":[-1.0,0.7,0.1,1.2,1.2,0.9],"frequency":6,"exemplar_strength":[0.0231740404,0.0000151529,0.334550202,0.0134866465,0.0015470802,0.0000000131]}
{"word_key":"F6T11","exemplar":[0.7,0.2,1.1,0.2,0.2,0.9],"frequency":6,"exemplar_strength":[0.0034846528,0.0000273505,0.5146013236,0.0000000008,0.0000000002,0.801352568]}
{"word_key":"F6T14","exemplar":[1.2,0.1,-1.5,-0.8,1.5,-0.9],"frequency":6,"exemplar_strength":[0.0000000522,0.0045119603,0.000000021,0.0246443528,0.0000016547,0.4385409867]}
{"word_key":"F5T8","exemplar":[1.6,-0.9,-0.4,0.6,0.6],"frequency":5,"exemplar_strength":[0.0000000018,0.6421659382,0.3264187019,0.0009813343,0.0059144473]}
{"word_key":"F9T5","exemplar":[0.1,-1.6,-0.2,0.1,0.1,0.4,0.3,0.0],"frequency":9,"exemplar_strength":[0.0000000002,0.0000000003,0.7915539154,0.0000002519,0.0000022785,0.0009934822,0.0000000074,0.0000000142]}
{"word_key":"F3T1","exemplar":[0.8,-1.1,1.4],"frequency":3,"exemplar_strength":[0.5209715777,0.0000031763,0.0004576598]}
{"word_key":"F8T7","exemplar":[0.9,1.2,1.2,0.3,-0.7,-0.3,1.4,-1.0],"frequency":8,"exemplar_strength":[0.2459704915,0.7352274487,0.0822894776,0.0000043736,0.0000000002,0.0003323697,0.0000000029,0.0000000009]}
{"word_key":"F7T4","exemplar":[-1.4,0.2,-0.7,-2.1,-0.9,1.2,-1.5],"frequency":7,"exemplar_strength":[0.9519792318,0.0000001249,0.0000000118,0.0058421275,0.003615671,0.0000714052,0.2747711886]}
{"word_key":"F3T8","exemplar":[0.2,1.5,-0.2],"frequency":3,"exemplar_strength":[0.5819721658,0.0002242029,0.0000000003]}
{"word_key":"F5T1","exemplar":[0.3,-0.5,0.2,-2.2,-0.4],"frequency":5,"exemplar_strength":[0.0000000002,0.0116355361,0.106549169,0.4721380244,0.0000000229]}
{"word_key":"F6T9","exemplar":[-0.6,-0.2,-0.9,0.4,0.4],"frequency":6,"exemplar_strength":[0.0003900157,0.1379608395,0.2429628523,0.0000001219,0.0000002488]}
{"word_key":"F6T6","exemplar":[0.1,-0.7,0.9,-0.2,-0.2,1.3],"frequency":6,"exemplar_strength":[0.0684222471,0.0072903336,0.0000067274,0.0000452933,0.0000000005,0.0033583822]}
{"word_key":"F3T3","exemplar":[0.2,-1.4,-0.4],"frequency":3,"exemplar_strength":[0.0000001852,0.2781725834,0.0000425911]}
{"word_key":"F5T6","exemplar":[-0.1,-0.9,0.6,-0.4,-1.2],"frequency":5,"exemplar_strength":[0.0000189091,0.4550295321,0.0007394775,0.0073805807,0.0000000067]}
{"word_key":"F7T8","exemplar":[2.3,0.7,-0.4,1.0,1.9,1.9,-1.6],"frequency":7,"exemplar_strength":[0.0070261595,0.0008784737,0.0802893685,0.1764486981,0.0000001312,0.0000000037,0.0000000002]}
{"word_key":"F6T5","exemplar":[-1.1,0.6,0.2,1.3,0.6,1.2],"frequency":6,"exemplar_strength":[0.0000000119,0.0360873087,0.5891764041,0.0001273084,0.0000000627,0.0000000016]}
{"word_key":"F9T2","exemplar":[0.8,0.4,1.1,-0.8,-2.0,-1.2,1.3,-0.6],"frequency":9,"exemplar_strength":[0.0162200036,0.0000104761,0.000000255,0.5339496343,0.0000000058,0.0000004718,0.9403387703,0.0010695938]}
{"word_key":"F8T1","exemplar":[-0.5,1.8,0.9,-0.4,-0.4],"frequency":8,"exemplar_strength":[0.0000593722,0.0018836618,0.0271933348,0.3514259459,0.0000000016]}
{"word_key":"F7T10","exemplar":[-0.9,0.5,-0.1,0.9,0.5,0.3],