{"word_key":"F8T5","exemplar":[-0.1,-1.1,-0.7,1.5,-1.6,-0.9,1.0,0.2],"frequency":8,"exemplar_strength":[0.0449319447,0.0008842252,0.0000000007,0.2711836908,0.0669955506,0.0000001856,0.0000138758,0.0131982677]}
{"word_key":"F6T1","exemplar":[-1.0,0.7,0.1,1.2,1.2,0.9],"frequency":6,"exemplar_strength":[0.2133875712,0.0000000077,0.0000000657,0.0260286233,0.0000000001,0.0000001807]}
{"word_key":"F7T1","exemplar":[0.2,-1.2,-0.9,-0.9,1.2,-1.5,-0.7],"frequency":7,"exemplar_strength":[0.0000000001,0.0000080381,0.0013360929,0.4264679624,0.935588502,0.0000010204,0.000000118]}
{"word_key":"F5T9","exemplar":[-2.1,-0.6,1.6,0.2,0.3],"frequency":5,"exemplar_strength":[0.0000230152,0.0000001831,0.9867723577,0.2050312436,0.0000000239]}
{"word_key":"F10T3","exemplar":[-0.4,0.8,-0.2,-0.4,1.1,-0.2,1.5,0.5,-0.2,-0.9],"frequency":10,"exemplar_strength":[0.5138646692,0.0000000005,0.0142960178,0.0000000001,0.0000001422,0.0010374309,0.455828563,0.000000001,0.0000002589,0.1236132721]}
{"word_key":"F5T2","exemplar":[0.1,1.0,1.2,-0.8],"frequency":5,"exemplar_strength":[0.0000316816,0.0000000002,0.0716079242,0.0000000006]}
{"word_key":"F4T10","exemplar":[-0.5,0.0,-1.1],"frequency":4,"exemplar_strength":[0.0000000154,0.0000000441,0.0120236343]}
{"word_key":"F8T4","exemplar":[0.6,1.3,-0.9,0.1,-0.2,0.8,0.1],"frequency":8,"exemplar_strength":[0.0004194822,0.0000249294,0.0230889389,0.0000304409,0.3783024795,0.0000000173,0.0000000014]}
{"word_key":"F7T8","exemplar":[2.3,0.7,-0.4,1.0,1.9,1.9,-1.6],"frequency":7,"exemplar_strength":[0.0000103522,0.000001246,0.8189447962,0.0000169436,0.0000000005,0.00003973,0.0004365787]}
{"word_key":"F5T10","exemplar":[-0.9,0.8,0.5,-0.4,-0.3],"frequency":5,"exemplar_strength":[0.0000000003,0.0076456236,0.0000051113,0.6191717116,0.0002529057]}
{"word_key":"F7T6","exemplar":[1.4,-1.6,-1.2,0.4,0.6,-0.3],"frequency":7,"exemplar_strength":[0.0005260475,0.9481300268,0.0000000412,0.0000366792,0.0000381741,0.0148786715]}
{"word_key":"F4T8","exemplar":[0.7,-0.3,1.6,-0.3],"frequency":4,"exemplar_strength":[0.1843129487,0.0002397875,0.0000009173,0.0000000002]}
{"word_key":"F10T2","exemplar":[1.4,-1.3,-0.3,-0.2,0.2,-0.2,0.9,-0.2,-0.5,2.0],"frequency":10,"exemplar_strength":[0.0000069429,0.0000000022,0.0000826389,0.0000001691,0.0000024903,0.0001765293,0.3732984296,0.0000000006,0.0000001385,0.8410477964]}
{"word_key":"F8T6","exemplar":[0.2,0.5,1.6,0.5,-1.1,1.3,1.2,0.0],"frequency":8,"exemplar_strength":[0.1570939824,0.0037250283,0.0000071303,0.0014862808,0.0000000001,0.0000002092,0.0004251053,0.0000000009]}
{"word_key":"F9T2","exemplar":[0.8,0.4,0.2,1.1,-0.8,-2.0,-1.2,1.3,-0.6],"frequency":9,"exemplar_strength":[0.00754449,0.1067706359,0.9110009424,0.0000338627,0.000000366,0.0947119124,0.0000010069,0.0000047821,0.0000239532]}
{"word_key":"F5T3","exemplar":[0.2,1.5,-1.1,-0.9,-1.6],"frequency":5,"exemplar_strength":[0.1656882262,0.000000312,0.0001282402,0.0012171819,0.0000000002]}
{"word_key":"F6T10","exemplar":[-0.4,1.9,2.3,2.2,1.6,-0.7],"frequency":6,"exemplar_strength":[0.000001048,0.0000000276,0.0293425884,0.001653351,0.0000001906,0.0643719827]}
{"word_key":"F10T1","exemplar":[0.2,-1.0,-1.2,0.2,0.5,1.2,-2.1,1.9,1.6,0.2],"frequency":10,"exemplar_strength":[0.0000001061,0.0000056107,0.5348079238,0.0010941863,0.000156592,0.0000174009,0.000000001,0.0000008137,0.0000002236,0.0000000008]}
{"word_key":"F7T5","exemplar":[0.5,0.3,-0.4,0.6,0.4,-1.0,-0.3],"frequency":7,"exemplar_strength":[0.0018392013,0.6796608903,0.0000000303,0.000000002,0.0000024573,0.0000000001,0.0000000013]}
{"word_key":"F6T7","exemplar":[-0.4,-1.2,1.2,-0.2,0.7,-0.6],"frequency":6,"exemplar_strength":[0.2342341937,0.0000004294,0.0000000081,0.6887717162,0.0246785193,0.0007948747]}
{"word_key":"F8T2","exemplar":[1.5,0.6,1.0,-1.2,1.5,-1.1,-1.9],"frequency":8,"exemplar_strength":[0.0000000001,0.0000003809,0.0000004126,0.0003345046,0.4152602504,0.0000000009,0.0000000169]}
{"word_key":"F2T9","exemplar":[0.9],"frequency":2,"exemplar_strength":[0.0000030408]}
{"word_key":"F8T7","exemplar":[0.9,1.2,1.2,0.3,-0.7,-0.3,1.4,-1.0],"frequency":8,"exemplar_strength":[0.181874923,0.0000000242,0.0004139334,0.0000032072,0.0000752841,0.000000016,0.0765378412,0.0022759235]}
{"word_key":"F12T1","exemplar":[-1.5,0.5,-1.6,-0.5,1.5,-0.2,0.7,-1.7,-1.1,1.2,-0.6],"frequency":12,"exemplar_strength":[0.0146818618,0.5716272941,0.0036757549,0.0000007413,0.7661953351,0.0000000028,0.0000124737,0.0000871599,0.000000176,0.0000848693,0.0001199801]}
{"word_key":"F7T9","exemplar":[-1.1,-0.8,-0.6,0.6,-0.3,0.5,-1.0],"frequency":7,"exemplar_strength":[0.6617991887,0.16790927,0.3311379376,0.2023191636,0.0000012968,0.0000000226,0.0000000047]}
{"word_key":"F9T3","exemplar":[0.7,0.6,0.1,0.6,-0.6,-0.7,0.9,1.2,-0.5],"frequency":9,"exemplar_strength":[0.0000000005,0.3492537186,0.0005402453,0.0002851056,0.0000087067,0.5870552915,0.000002209,0.0000005385,0.1141213639]}
{"word_key":"F4T2","exemplar":[1.6,1.5,1.5,-1.2],"frequency":4,"exemplar_strength":[0.7361908732,0.0000000452,0.0000000003,0.0000082551]}
{"word_key":"F9T4","exemplar":[-0.9,-0.4,-1.6,-0.4,-0.6,-0.9,-0.5,2.3,-1.0],"frequency":9,"exemplar_strength":[0.174752641,0.0000008814,0.0755254261,0.0000008357,0.0033486162,0.0000000059,0.0000001713,0.0000000068,0.8870595515]}
{"word_key":"F5T13","exemplar":[-0.3,-1.0,-1.6,0.4,-1.0],"frequency":5,"exemplar_strength":[0.0000004237,0.0000000015,0.3181704667,0.7974226698,0.0199430097]}
{"word_key":"F6T2","exemplar":[-1.1,-0.5,-0.2,1.8,0.6,-0.6],"frequency":6,"exemplar_strength":[0.6444068982,0.0000000009,0.0000005756,0.0000000014,0.0000000583,0.0000270029]}
{"word_key":"F8T8","exemplar":[-0.8,-0.1,0.2,-0.1,-2.2,0.7,0.3],"frequency":8,"exemplar_strength":[0.0001718901,0.0001215884,0.0001608184,0.0000441959,0.0000112132,0.0144876553,0.4438492452]}
{"word_key":"F6T14","exemplar":[1.2,0.1,-1.5,-0.8,1.5,-0.9],"frequency":6,"exemplar_strength":[0.0000002422,0.0000000008,0.0000000004,0.008171994,0.0000118267,0.2162480227]}
{"word_key":"F7T7","exemplar":[1.6,1.2,1.6,-1.6,-0.9,-0.6],"frequency":7,"exemplar_strength":[0.829922717,0.0330784876,0.0000259455,0.0026702625,0.0000019595,0.000000001]}
{"word_key":"F7T12","exemplar":[-0.2,0.6,-0.8,-0.5,0.4,-1.5,0.1],"frequency":7,"exemplar_strength":[0.4807658761,0.0000084779,0.0022161115,0.0000000009,0.0002184466,0.1187725356,0.0000000074]}
{"word_key":"F8T1","exemplar":[-0.5,1.8,-1.6,0.9,1.5,-0.4,1.9],"frequency":8,"exemplar_strength":[0.0000000003,0.0213160056,0.0281935229,0.0000000371,0.0745264027,0.0000000011,1.0]}
{"word_key":"F7T11","exemplar":[0.2,1.4,0.2,-1.1,-0.2,-0.1],"frequency":7,"exemplar_strength":[0.5070674512,0.000000239,0.1591998207,0.0051276948,0.0000150299,0.0000561664]}
{"word_key":"F4T3","exemplar":[-1.2,0.7,-1.0],"frequency":4,"exemplar_strength":[0.0000002555,0.0001524767,0.044337601]}
{"word_key":"F6T12","exemplar":[0.4,0.5,0.5,0.1,0.5],"frequency":6,"exemplar_strength":[0.000000008,0.0000218214,0.1970021525,0.5207530036,0.0097164442]}
{"word_key":"F5T4","exemplar":[-1.5,0.1,-1.9,-1.4,0.5],"frequency":5,"exemplar_strength":[0.0055541847,0.0513316783,0.786874648,0.0000000032,0.0000030006]}
{"word_key":"F2T8","exemplar":[-0.2,2.0],"frequency":2,"exemplar_strength":[0.0005330991,0.0000000446]}
{"word_key":"F3T2","exemplar":[1.2,-1.2],"frequency":3,"exemplar_strength":[0.0972681499,0.000006671]}
{"word_key":"F6T8","exemplar":[-0.9,-0.8,2.3,1.4,-1.0,0.5],"frequency":6,"exemplar_strength":[0.0000000002,0.0000000006,0.3937207124,0.1039646701,0.0000006664,0.0001426555]}
{"word_key":"F6T3","exemplar":[0.3,-1.6,-0.5,-1.6,1.0,0.3],"frequency":6,"exemplar_strength":[0.0150781195,0.3016669732,0.000060838,0.1219781599,0.0000000152,0.0032606135]}
{"word_key":"F7T2","exemplar":[1.6,-0.8,-0.8,0.5,0.5,0.7],"frequency":7,"exemplar_strength":[0.0000895123,0.5003601443,0.0000000062,0.1892874832,0.0043704471,0.2860195154]}
{"word_key":"F5T8","exemplar":[1.6,-0.9,-0.4,0.6,0.6],"frequency":5,"exemplar_strength":[0.0000000002,0.0240299601,0.0000001366,0.8081120874,0.0033043219]}
{"word_key":"F3T9","exemplar":[-0.3,0.7],