{"word_key":"F8T2","exemplar":[1.5,0.6,-1.2,0.3,-1.9],"frequency":8,"exemplar_strength":[0.3294690596,0.0911443442,0.0009396096,0.0336244998,0.0000029698]}
{"word_key":"F7T7","exemplar":[1.6,1.2,1.6,-1.6,-0.9,1.2],"frequency":7,"exemplar_strength":[0.0000000001,0.0000071893,0.0000034295,0.9597127904,0.0187141072,0.0000000239]}
{"word_key":"F6T12","exemplar":[0.4,-0.9,0.5,0.5,0.1,0.5],"frequency":6,"exemplar_strength":[0.0000013878,0.0000000004,0.0000001586,0.0000000059,0.0268184015,0.7123043282]}
{"word_key":"F6T6","exemplar":[0.1,-0.7,0.9,-0.2,-0.2,1.3],"frequency":6,"exemplar_strength":[0.0000016192,0.0011190435,0.6978084509,0.0000000001,0.0000000034,0.0000353765]}
{"word_key":"F5T7","exemplar":[-0.7,-0.6,-0.1,-0.5,-1.6],"frequency":5,"exemplar_strength":[0.0027938523,0.0000000704,0.0649225109,0.0102035908,0.0353980411]}
{"word_key":"F4T7","exemplar":[-0.2,0.1,1.8,-0.8],"frequency":4,"exemplar_strength":[0.0000000004,0.6560669328,0.0000000146,0.0000697242]}
{"word_key":"F5T13","exemplar":[-0.3,-1.6,0.4,-1.0],"frequency":5,"exemplar_strength":[0.0000000077,0.0000031264,0.0042584867,0.0000749267]}
{"word_key":"F11T1","exemplar":[-0.2,-0.5,-0.9,0.6,1.5,0.7,-1.4,-0.5,0.2,-1.1],"frequency":11,"exemplar_strength":[0.0005018824,0.0000000015,0.0550757524,0.6296358268,0.000000361,0.0000000189,0.8930762246,0.0000000856,0.242032818,0.0039628035]}
{"word_key":"F8T5","exemplar":[-0.1,-1.1,-0.7,1.5,-1.6,-0.9,1.0,0.2],"frequency":8,"exemplar_strength":[0.0000711726,0.0000002545,0.0000030005,0.6361420602,0.0001653547,0.2074455237,0.0000000083,0.0000014761]}
{"word_key":"F9T1","exemplar":[-1.2,1.6,-1.2,-0.9,-0.6,0.9,2.2,1.0],"frequency":9,"exemplar_strength":[0.0004086095,0.0000719081,0.59197226,0.9210486401,0.0002369629,0.0781195144,0.0000268021,0.0000015381]}
{"word_key":"F8T6","exemplar":[0.2,0.5,1.6,0.5,-1.1,1.3,0.0],"frequency":8,"exemplar_strength":[0.000000749,0.0000350147,0.0086560183,0.0000129174,0.9305661376,0.0000000005,0.0000629125]}
{"word_key":"F5T1","exemplar":[0.3,-0.5,0.2,-2.2,-0.4],"frequency":5,"exemplar_strength":[0.0000920301,1.0,0.0300292414,0.0000000157,0.069766681]}
{"word_key":"F7T5","exemplar":[0.5,0.3,-0.4,0.6,0.4,-1.0,-0.3],"frequency":7,"exemplar_strength":[0.0002653334,0.0009690395,0.5179174278,0.00000035,0.0053392252,0.2853048314,0.3227641402]}
{"word_key":"F7T8","exemplar":[2.3,0.7,-0.4,1.0,1.9,1.9,-1.6],"frequency":7,"exemplar_strength":[0.0007970996,0.0343229961,0.3097608736,0.0000000003,0.0000734018,0.0000000396,0.0000676067]}
{"word_key":"F8T1","exemplar":[-0.5,1.8,0.9,-0.4,1.5,-0.4,1.9],"frequency":8,"exemplar_strength":[0.0000544793,0.0000039199,0.0865777566,0.0022513612,0.2053238451,0.0000006419,0.6696956956]}
{"word_key":"F3T6","exemplar":[1.6,0.6,0.5],"frequency":3,"exemplar_strength":[0.8141537248,0.0000000078,0.0000003761]}
{"word_key":"F6T10","exemplar":[-0.4,1.9,2.3,2.2,1.6,-0.7],"frequency":6,"exemplar_strength":[0.218387343,0.0000000038,0.0000021817,0.0000002417,0.0009591285,0.7576238871]}
{"word_key":"F7T4","exemplar":[-1.4,0.2,-0.7,-2.1,-0.9,1.2,-1.5],"frequency":7,"exemplar_strength":[0.0014469848,0.0000125251,0.6906715157,0.0211711898,0.0000000025,0.0000000014,0.0010629763]}
{"word_key":"F8T3","exemplar":[-1.5,-0.9,-0.3,0.2,0.4,0.1,-0.5,1.0],"frequency":8,"exemplar_strength":[0.0000000001,0.0097925166,0.0000012395,0.0000003919,0.0001265712,0.9796493201,0.0000055031,0.0000000062]}
{"word_key":"F9T5","exemplar":[0.1,-1.6,-0.2,0.1,0.1,0.4,0.2,0.3,0.0],"frequency":9,"exemplar_strength":[0.3397884983,0.0003395816,0.0009891698,0.0000001202,0.0000000064,0.9897723577,0.0000000003,0.0002227883,0.0430336453]}
{"word_key":"F9T2","exemplar":[0.8,0.4,0.2,1.1,-0.8,-2.0,-1.2,1.3,-0.6],"frequency":9,"exemplar_strength":[0.6427155247,0.0051241227,0.4531267429,0.0000038401,0.000357493,0.0000000056,0.0000064206,0.1447572395,0.3883734249]}
{"word_key":"F6T7","exemplar":[-0.4,-1.2,1.2,-0.2,0.7,-0.6],"frequency":6,"exemplar_strength":[0.0006831914,0.1432767143,0.0007266587,0.8483305973,0.0000047654,0.0496951088]}
{"word_key":"F5T9","exemplar":[-2.1,-0.6,1.6,0.2,0.3],"frequency":5,"exemplar_strength":[0.8396541755,0.0001554635,0.0000003839,0.0000000008,0.0000000001]}
{"word_key":"F7T12","exemplar":[-0.2,0.6,-0.8,-0.5,0.4,-1.5,0.1],"frequency":7,"exemplar_strength":[0.0726953748,0.0000059748,0.0000146134,0.0000010301,0.001741118,0.4625397411,0.0003292685]}
{"word_key":"F7T6","exemplar":[1.4,-0.5,-1.6,-1.2,0.4,0.6,-0.3],"frequency":7,"exemplar_strength":[0.0000999188,0.0000276416,0.0000046207,0.000014464,0.0579807509,0.0005393302,0.8749015162]}
{"word_key":"F6T8","exemplar":[-0.9,-0.8,2.3,1.4,-1.0,0.5],"frequency":6,"exemplar_strength":[0.0000741603,0.0000000001,0.0033965057,0.0175946664,0.2275548947,0.0000000003]}
{"word_key":"F5T2","exemplar":[0.1,1.0,1.2,-0.8,-1.5],"frequency":5,"exemplar_strength":[0.0000158661,0.1688925458,0.1096715425,0.0000007966,0.0000000148]}
{"word_key":"F12T1","exemplar":[-1.5,0.8,0.5,-1.6,-0.5,1.5,-0.2,0.7,-1.7,-1.1,1.2,-0.6],"frequency":12,"exemplar_strength":[0.0279441952,0.0000000002,0.0000019889,0.0000010195,0.0014923064,0.0040451246,0.0059784653,0.2229239979,0.0000001165,0.000000012,0.0000000757,0.0000000002]}
{"word_key":"F6T5","exemplar":[-1.1,0.6,0.2,1.3,0.6,1.2],"frequency":6,"exemplar_strength":[0.0000282158,0.0004622581,0.0000001051,0.0005977252,0.0000000178,0.0856922702]}
{"word_key":"F6T9","exemplar":[-0.6,-0.2,-0.9,0.4,0.4,0.2],"frequency":6,"exemplar_strength":[0.0959517988,0.0002160222,0.911628484,0.0000000005,0.0000108462,0.0038821578]}
{"word_key":"F2T2","exemplar":[-0.4],"frequency":2,"exemplar_strength":[0.0002443849]}
{"word_key":"F7T3","exemplar":[-1.9,0.7,-0.2,-1.9,-1.5,0.7,1.8],"frequency":7,"exemplar_strength":[0.0000019285,0.0000134597,0.0000496649,0.0090193841,0.002520906,0.0000000252,0.5623127871]}
{"word_key":"F3T9","exemplar":[-0.5,0.7],"frequency":3,"exemplar_strength":[0.0000018318,0.0100992322]}
{"word_key":"F3T5","exemplar":[0.2,-0.2],"frequency":3,"exemplar_strength":[0.0000757009,0.000000091]}
{"word_key":"F5T12","exemplar":[1.0,-1.6,-1.5,1.2,-0.7],"frequency":5,"exemplar_strength":[0.6231961368,0.0000014461,0.000027079,0.0000122702,0.0000000002]}
{"word_key":"F3T4","exemplar":[-0.2,-1.3,-1.7],"frequency":3,"exemplar_strength":[0.0000764831,0.1637632483,0.0000001908]}
{"word_key":"F5T11","exemplar":[-0.7,-0.1,-0.9,-0.4,-0.5],"frequency":5,"exemplar_strength":[0.0000000088,0.000883404,0.5739939543,0.0000000081,0.0000101974]}
{"word_key":"F3T3","exemplar":[0.2,-0.4],"frequency":3,"exemplar_strength":[0.0412999398,0.0000000294]}
{"word_key":"F5T5","exemplar":[-1.9,-0.8,-0.4,1.4,0.9],"frequency":5,"exemplar_strength":[0.0000000154,0.0000005974,0.0000000008,0.9696298173,0.268238462]}
{"word_key":"F7T2","exemplar":[-0.8,-0.8,0.5,0.5,0.7,-0.4],"frequency":7,"exemplar_strength":[0.0026812958,0.0000000901,0.5396587739,0.0000939419,0.000018896,0.0000000185]}
{"word_key":"F7T11","exemplar":[0.2,1.4,-0.4,0.2,-0.2,-0.1],"frequency":7,"exemplar_strength":[0.0000032913,0.000000083,0.0000211583,0.7654526631,0.4484923246,0.0000107352]}
{"word_key":"F6T14","exemplar":[1.2,0.1,-1.5,-0.8,1.5,-0.9],"frequency":6,"exemplar_strength":[0.0140332445,0.0000004914,0.0000000028,0.4439053056,0.0000315939,0.0000000002]}
{"word_key":"F10T1","exemplar":[0.2,-1.0,-1.2,0.2,0.5,-2.1,1.9,1.6,0.2],"frequency":10,"exemplar_strength":[0.400537832,0.0022981297,0.0000000011,0.0002394115,0.0003502178,0.0000000007,0.0000417013,0.0000002051,0.000012397]}
{"word_key":"F8T8","exemplar":[-0.8,-0.1,0.2,-0.2,-0.1,-2.2,0.7,0.3],"frequency":8,"exemplar_strength":[0.528676351,0.0111927073,0.0177764779,0.0004346068,0.0000138813,0.0002297663,0.0000002227,0.0000006289]}
{"word_key":"F3T2","exemplar":[-0.5,1.2,-1.2],"frequency":3,"exemplar_strength":[0.0046235199,0.6766158807,0.0000020724]}
{"word_key":"F4T4","exemplar":[-0.8,1.4,-0.5],"frequency":4,"exemplar_strength":[0.0000000164,0.0749722972,0.0000838973]}
{"word_key":"F2T3","exemplar":[-0.2,0.7],"frequency":2,