{"word_key":"F9T3","exemplar":[0.7,0.1,0.6,-0.6,-0.7,0.9,1.2,-0.5],"frequency":9,"exemplar_strength":[0.0829395501,0.2366028204,0.0052930841,0.2032391979,0.0079663522,0.0006676883,0.004522932,0.4603719991]}
{"word_key":"F6T5","exemplar":[-1.1,0.6,0.2,1.3,0.6,1.2],"frequency":6,"exemplar_strength":[0.7775673601,0.0017332402,0.0133148428,0.0091294177,0.334391429,0.2403525815]}
{"word_key":"F7T3","exemplar":[-1.9,0.7,-0.2,-1.9,-1.5,0.7,1.8],"frequency":7,"exemplar_strength":[0.3173161856,0.0000000739,0.0000940245,0.0003239258,0.00076919,0.7982142524,0.0708717145]}
{"word_key":"F5T13","exemplar":[-0.3,-1.0,-1.6,-1.0],"frequency":5,"exemplar_strength":[0.0083511469,0.004791365,0.1445601345,0.5032755725]}
{"word_key":"F7T5","exemplar":[0.5,0.3,-0.4,0.4,-1.0,-0.3],"frequency":7,"exemplar_strength":[0.511251653,0.0204640657,0.0245845416,0.0000000708,0.058072948,0.9004802164]}
{"word_key":"F10T1","exemplar":[0.2,-1.0,-1.2,0.2,0.5,-2.1,1.9,1.6,0.2],"frequency":10,"exemplar_strength":[0.0222542305,0.3954544399,0.0000000001,0.9439756608,0.0000935329,0.0224887421,0.0000000002,0.4391594981,0.3240390796]}
{"word_key":"F7T10","exemplar":[-0.9,-0.1,0.9,0.3,-1.1],"frequency":7,"exemplar_strength":[0.0017792633,0.9947723577,0.0000514597,0.1523391246,0.0033724673]}
{"word_key":"F8T6","exemplar":[0.2,0.5,0.5,-1.1,1.3,1.2,0.0],"frequency":8,"exemplar_strength":[0.6785071843,0.5359463852,0.0000000005,0.8280441942,0.0000000165,0.0033372994,0.0001321904]}
{"word_key":"F4T5","exemplar":[-1.2,0.7,-1.6,0.6],"frequency":4,"exemplar_strength":[0.0000786768,0.620665349,0.0000000001,0.0002724758]}
{"word_key":"F4T10","exemplar":[-0.9,-1.1],"frequency":4,"exemplar_strength":[0.5647864361,0.0000017326]}
{"word_key":"F5T12","exemplar":[1.0,-1.6,-1.5,1.2,-0.7],"frequency":5,"exemplar_strength":[0.0009486047,0.0000000013,0.0008321047,0.785761244,0.5920670321]}
{"word_key":"F2T9","exemplar":[1.2,0.9],"frequency":2,"exemplar_strength":[0.0007376041,0.7654364656]}
{"word_key":"F3T8","exemplar":[0.2,1.5,-0.2],"frequency":3,"exemplar_strength":[0.01931758,0.8910900481,0.0001234832]}
{"word_key":"F6T12","exemplar":[0.4,-0.9,0.5,0.5,0.5],"frequency":6,"exemplar_strength":[0.0991186952,0.9690412239,0.0574673659,0.0015854838,0.058378128]}
{"word_key":"F3T10","exemplar":[0.5,-1.3,-1.6],"frequency":3,"exemplar_strength":[0.000000377,0.5618339346,0.0000782656]}
{"word_key":"F6T13","exemplar":[-1.9,-1.1,1.9,0.4,-1.5],"frequency":6,"exemplar_strength":[0.0080926057,0.0004036917,0.8726024511,0.5767524167,0.0314519663]}
{"word_key":"F8T7","exemplar":[0.9,1.2,1.2,0.3,-0.7,-0.3,1.4,-1.0],"frequency":8,"exemplar_strength":[0.0005301722,0.3792155401,0.0146321884,0.4017217348,0.0163347089,0.8194093855,0.0073255265,0.1248281085]}
{"word_key":"F4T9","exemplar":[0.5,0.6,0.9,-0.1],"frequency":4,"exemplar_strength":[0.7038635717,0.0000000006,0.0000430599,0.5444402437]}
{"word_key":"F8T1","exemplar":[-0.5,1.8,-1.6,0.9,-0.4,1.5,-0.4,1.9],"frequency":8,"exemplar_strength":[0.0075595613,0.0152587731,0.0000000003,0.0000005794,0.0319504276,0.0000000003,0.5588968678,0.9792528297]}
{"word_key":"F9T2","exemplar":[0.8,0.4,0.2,1.1,-0.8,-2.0,-1.2,1.3,-0.6],"frequency":9,"exemplar_strength":[0.0025278525,0.0701326674,0.9895720437,0.2519622117,0.0011821961,0.0377848754,0.3396909768,0.2586526117,0.0000003121]}
{"word_key":"F7T12","exemplar":[0.6,-0.8,-0.5,0.4,0.1],"frequency":7,"exemplar_strength":[0.0000000003,0.0631530795,0.7112807765,0.0000589727,0.1507505389]}
{"word_key":"F3T6","exemplar":[1.6,0.6,0.5],"frequency":3,"exemplar_strength":[0.2669160045,0.0000093686,0.0921059104]}
{"word_key":"F6T1","exemplar":[-1.0,0.7,0.1,1.2,1.2,0.9],"frequency":6,"exemplar_strength":[0.000904896,0.0000000017,0.4300481812,0.0000000003,0.1460834867,0.0000000001]}
{"word_key":"F4T11","exemplar":[1.0,-2.0,-0.3,1.2],"frequency":4,"exemplar_strength":[0.1315452897,0.0417414496,0.0006747243,0.0121797702]}
{"word_key":"F8T2","exemplar":[1.5,0.6,1.0,-1.2,0.3,1.5,-1.1,-1.9],"frequency":8,"exemplar_strength":[0.222179724,0.0040728107,0.0000000417,0.0000018355,0.9639754231,0.984398915,0.0112000106,0.0102452246]}
{"word_key":"F3T2","exemplar":[-0.5,1.2,-1.2],"frequency":3,"exemplar_strength":[0.6305018621,0.0000005136,0.3140072263]}
{"word_key":"F5T2","exemplar":[0.1,1.0,1.2,-0.8,-1.5],"frequency":5,"exemplar_strength":[0.1979821409,0.8817978,0.0000048656,0.0003654267,0.0009892262]}
{"word_key":"F5T7","exemplar":[-0.7,-0.1,-1.6],"frequency":5,"exemplar_strength":[0.0000000002,0.0770714622,0.0925899375]}
{"word_key":"F5T1","exemplar":[0.3,-0.5,0.2,-2.2,-0.4],"frequency":5,"exemplar_strength":[0.0000426109,0.0003578451,0.0000106802,0.0008677374,0.6928825363]}
{"word_key":"F1T4","exemplar":[0.2],"frequency":1,"exemplar_strength":[0.4278000432]}
{"word_key":"F8T3","exemplar":[-1.5,-0.9,-0.3,0.2,0.1,-0.5,1.0],"frequency":8,"exemplar_strength":[0.000036411,0.1100731515,0.0000000002,0.03161725,0.0000002885,0.3326433502,0.8323956609]}
{"word_key":"F10T3","exemplar":[-0.4,-0.2,-0.4,1.1,-0.2,1.5,0.5,-0.2,-0.9],"frequency":10,"exemplar_strength":[0.7694589216,0.0336697264,0.0000000002,0.0113775121,0.5331446492,0.0075200426,0.0000018068,0.0015938157,0.0054621867]}
{"word_key":"F4T6","exemplar":[0.2,0.5,0.2,1.0],"frequency":4,"exemplar_strength":[0.0011576688,0.8411673169,0.001347711,0.4484638541]}
{"word_key":"F9T4","exemplar":[-0.9,-0.4,-1.6,-0.4,-0.6,-0.9,-0.5,2.3,-1.0],"frequency":9,"exemplar_strength":[0.1203312287,0.1129959445,0.1322365753,0.0044992877,0.4508205828,0.001875008,0.003572621,0.8635029908,0.5220834063]}
{"word_key":"F6T11","exemplar":[0.7,1.1,0.2,0.2,0.9],"frequency":6,"exemplar_strength":[0.0634849561,0.000000003,0.0032852339,0.0950484955,0.6472436966]}
{"word_key":"F4T3","exemplar":[-1.2,0.7,-1.0,-0.1],"frequency":4,"exemplar_strength":[0.457965339,0.0000000001,0.0000000055,0.0098245157]}
{"word_key":"F11T1","exemplar":[-0.2,-1.3,-0.5,-0.9,0.6,1.5,0.7,-1.4,-0.5,0.2,-1.1],"frequency":11,"exemplar_strength":[0.6965237131,0.0000697417,0.2917907805,0.1948934047,0.0110832174,0.0026223205,0.000000001,0.0145556966,0.0000000139,0.0000000001,0.7614350376]}
{"word_key":"F5T9","exemplar":[-2.1,-0.6,1.6,0.2,0.3],"frequency":5,"exemplar_strength":[0.9539231295,0.0283218734,0.0031503294,0.0000109638,0.0000000032]}
{"word_key":"F2T1","exemplar":[1.5,1.9],"frequency":2,"exemplar_strength":[0.068318591,0.6272058239]}
{"word_key":"F6T8","exemplar":[-0.9,-0.8,2.3,1.4,-1.0,0.5],"frequency":6,"exemplar_strength":[0.1868903223,0.0275892898,0.2725710832,1.0,0.0189167949,0.4980274368]}
{"word_key":"F2T2","exemplar":[-0.2],"frequency":2,"exemplar_strength":[0.0846967684]}
{"word_key":"F3T1","exemplar":[0.8,-1.1,1.4],"frequency":3,"exemplar_strength":[0.0043599952,0.3206600142,0.0001647419]}
{"word_key":"F5T10","exemplar":[-0.9,0.8,0.5,-0.4,-0.3],"frequency":5,"exemplar_strength":[0.3042859469,0.0005137587,0.0014427417,0.0039260895,0.7534948263]}
{"word_key":"F7T6","exemplar":[1.4,-0.5,-1.6,-1.2,0.6,-0.3],"frequency":7,"exemplar_strength":[0.0803718432,0.0000000009,0.0444511521,0.6506450361,0.001361913,0.8151258063]}
{"word_key":"F4T4","exemplar":[-0.8,1.3,1.4,-0.5],"frequency":4,"exemplar_strength":[0.0000738808,0.0525683493,0.7816535653,0.0022174021]}
{"word_key":"F10T2","exemplar":[1.4,-1.3,-0.3,-0.2,0.2,-0.2,0.9,-0.5,2.0],"frequency":10,"exemplar_strength":[0.9243908369,0.0000000456,0.0000000556,0.0006470175,0.0067716496,0.0000634628,0.6077882993,0.0180451682,0.0127013365]}
{"word_key":"F5T3","exemplar":[0.2,1.5,-1.1,-0.9,-1.6],"frequency":5,"exemplar_strength":[0.0006538357,0.0000000047,0.9489363606,0.3468879195,0.0007223009]}
{"word_key":"F6T9","exemplar":[-0.6,-0.2,-0.9,0.4,0.2],"frequency":6,"exemplar_strength":[0.0000000225,0.0864912164,0.895772828,0.0000000004,0.4775764901]}
{"word_key":"F12T1","exemplar":[-1.5,0.8,-1.6,-0.5,-0.2,0.7,-1.7,-1.1,1.2,-0.6],"frequency":12,"exemplar_strength":[0.7735025161,0.2812791411,0.000000003,0.0236988939,0.0019147333,0.000000001,0.0000000542,0.1215992605,0.0074416239,0.00067827]}
{"word_key":"F9T5",