{"word_key":"F8T7","exemplar":[0.9,1.2,1.2,0.3,-0.7,-0.3,1.4,-1.0],"frequency":8,"exemplar_strength":[0.0211414445,0.0006125723,0.0000000551,0.9816298648,0.0000001341,0.0554435452,0.0000850343,0.1884944856]}
{"word_key":"F6T12","exemplar":[0.4,-0.9,0.5,0.5,0.1,0.5],"frequency":6,"exemplar_strength":[0.0001483068,0.0000010797,0.0019517409,0.7858160883,0.0000000074,0.000007357]}
{"word_key":"F7T11","exemplar":[0.2,1.4,-0.4,0.2,-1.1,-0.2,-0.1],"frequency":7,"exemplar_strength":[0.0000075644,0.000000001,0.3640433239,0.0000000707,0.0000000805,0.0478005721,0.0000005856]}
{"word_key":"F6T7","exemplar":[-0.4,-1.2,1.2,-0.2,0.7,-0.6],"frequency":6,"exemplar_strength":[0.0002760013,0.0062185195,0.0000104638,0.0000142087,0.508268671,0.000001374]}
{"word_key":"F5T4","exemplar":[-1.5,0.1,-1.9,-1.4,0.5],"frequency":5,"exemplar_strength":[0.000054493,0.0044954467,0.0000000288,0.9030518679,0.000000482]}
{"word_key":"F10T3","exemplar":[-0.4,0.8,-0.2,-0.4,1.1,-0.2,1.5,0.5,-0.2,-0.9],"frequency":10,"exemplar_strength":[0.0004227782,0.0000045853,0.0000000002,0.0034357014,0.0000004272,0.0372158457,0.0000662047,0.5680764224,0.0000002841,0.0016671634]}
{"word_key":"F6T13","exemplar":[0.3,-1.9,-1.1,1.9,0.4],"frequency":6,"exemplar_strength":[0.0030456211,0.000000012,0.0000000409,0.0415950179,0.0000019907]}
{"word_key":"F4T11","exemplar":[1.0,-2.0,-0.3,1.2],"frequency":4,"exemplar_strength":[0.0788575899,0.0000000005,0.0000000077,0.0018982081]}
{"word_key":"F8T6","exemplar":[0.2,0.5,1.6,0.5,-1.1,1.3,1.2,0.0],"frequency":8,"exemplar_strength":[0.0000016235,0.0001752392,0.9547054613,0.0094376168,0.0000001838,0.0000002688,0.0000782274,0.5895372334]}
{"word_key":"F3T9","exemplar":[-0.5,-0.3,0.7],"frequency":3,"exemplar_strength":[0.0000000002,0.0382653992,0.2656226091]}
{"word_key":"F4T3","exemplar":[-1.2,0.7,-1.0,-0.1],"frequency":4,"exemplar_strength":[0.0000000023,0.0000000183,0.0000907354,0.9199515013]}
{"word_key":"F8T2","exemplar":[1.5,0.6,1.0,-1.2,0.3,1.5,-1.1,-1.9],"frequency":8,"exemplar_strength":[0.000000259,0.0000000001,0.000051069,0.0000000113,0.0016517794,0.0024607933,0.0002424072,0.7296455987]}
{"word_key":"F4T5","exemplar":[-1.2,0.7,-1.6,0.6],"frequency":4,"exemplar_strength":[0.0000000106,0.000044853,0.004252224,0.3167825802]}
{"word_key":"F8T4","exemplar":[-0.5,0.6,1.3,-0.9,0.1,-0.2,0.1],"frequency":8,"exemplar_strength":[0.015860796,0.1253572425,0.0002811664,0.0068861155,0.0000000214,0.0000767904,0.0000000022]}
{"word_key":"F4T10","exemplar":[-0.5,-0.9,0.0,-1.1],"frequency":4,"exemplar_strength":[0.0361950796,0.0000000072,0.0000000004,0.009094061]}
{"word_key":"F8T1","exemplar":[-0.5,1.8,-1.6,0.9,-0.4,1.5,-0.4,1.9],"frequency":8,"exemplar_strength":[0.0000003517,0.0006720762,0.0000010025,0.0000000005,0.0024837121,0.0000019361,0.0010683768,0.8541929517]}
{"word_key":"F6T5","exemplar":[-1.1,0.6,0.2,1.3,0.6,1.2],"frequency":6,"exemplar_strength":[0.0000000633,0.0009647997,0.0000000017,0.0012741505,0.7572101757,0.0000097159]}
{"word_key":"F4T8","exemplar":[0.7,-0.3,1.6,-0.3],"frequency":4,"exemplar_strength":[0.0000051248,0.0010487506,0.0000099899,0.3957201259]}
{"word_key":"F8T5","exemplar":[-0.1,-1.1,-0.7,1.5,-1.6,-0.9,1.0,0.2],"frequency":8,"exemplar_strength":[0.0010105731,0.0175635493,0.0000290111,0.0000000002,0.0001290534,0.181632757,0.0000004312,0.0003000172]}
{"word_key":"F6T3","exemplar":[0.3,-1.6,-0.5,-1.6,1.0,0.3],"frequency":6,"exemplar_strength":[0.0000000943,0.0000000007,0.0017301455,0.4068801421,0.0000000008,0.0000000675]}
{"word_key":"F3T8","exemplar":[0.2,1.5,-0.2],"frequency":3,"exemplar_strength":[0.0227689816,0.000000009,0.5840971947]}
{"word_key":"F5T9","exemplar":[-2.1,-0.6,1.6,0.2,0.3],"frequency":5,"exemplar_strength":[0.8079775091,0.0000000093,0.053922825,0.0000668213,0.0048866127]}
{"word_key":"F1T4","exemplar":[0.2],"frequency":1,"exemplar_strength":[0.0000924334]}
{"word_key":"F6T9","exemplar":[-0.6,-0.2,-0.9,0.4,0.4,0.2],"frequency":6,"exemplar_strength":[0.0348774771,0.6838000636,0.0345556402,0.0134231624,0.0000000055,0.0000282154]}
{"word_key":"F6T11","exemplar":[0.7,0.2,1.1,0.2,0.9],"frequency":6,"exemplar_strength":[0.0000001644,0.0000000604,0.8782827224,0.0000534919,0.0000000007]}
{"word_key":"F5T5","exemplar":[-1.9,-0.8,-0.4,1.4,0.9],"frequency":5,"exemplar_strength":[0.000000096,0.8385013117,0.0000000021,0.0039850457,0.0000000064]}
{"word_key":"F7T3","exemplar":[-1.9,0.7,-0.2,-1.9,-1.5,0.7,1.8],"frequency":7,"exemplar_strength":[0.0000002016,0.1610106611,0.0000014797,0.0132992983,0.9458957809,0.0000078502,0.0000000798]}
{"word_key":"F10T1","exemplar":[-1.0,-1.2,0.2,0.5,1.2,-2.1,1.9,1.6,0.2],"frequency":10,"exemplar_strength":[0.0000352462,0.0000004601,0.0000000063,0.0108456133,0.3507911245,0.278224667,0.0002562726,0.0001266827,0.0000027794]}
{"word_key":"F3T1","exemplar":[0.8,-1.1,1.4],"frequency":3,"exemplar_strength":[0.0000693457,0.8621485501,0.1595249123]}
{"word_key":"F11T1","exemplar":[-0.2,-1.3,-0.5,-0.9,0.6,1.5,0.7,-1.4,-0.5,0.2,-1.1],"frequency":11,"exemplar_strength":[0.0000271883,0.0810815152,0.0456354673,0.2398709933,0.0000049843,0.0099774383,0.0225588776,0.9725717356,0.0000006606,0.0000179146,0.0011613404]}
{"word_key":"F6T4","exemplar":[0.1,0.8,-1.1,-0.6,1.9,0.3],"frequency":6,"exemplar_strength":[0.0000001257,0.0000000425,0.0009041788,0.3138594239,0.0000029934,0.2860711008]}
{"word_key":"F8T3","exemplar":[-1.5,-0.3,0.2,0.4,0.1,-0.5,1.0],"frequency":8,"exemplar_strength":[0.0000000337,0.0000000072,0.0000011628,0.6349217256,0.0000000058,0.0000241014,0.0002864281]}
{"word_key":"F9T2","exemplar":[0.8,0.2,1.1,-0.8,-2.0,-1.2,1.3,-0.6],"frequency":9,"exemplar_strength":[0.0000001145,0.0000000783,0.0003056317,0.0000030494,0.0000177493,0.6408351229,0.0000001245,0.0000008252]}
{"word_key":"F10T2","exemplar":[1.4,-1.3,-0.3,-0.2,0.2,-0.2,0.9,-0.2,-0.5,2.0],"frequency":10,"exemplar_strength":[0.0000000005,0.6290628951,0.0000002192,0.0795920368,0.0284426759,0.0106463779,0.0000000008,0.0336078389,0.0000000526,0.1350076505]}
{"word_key":"F7T7","exemplar":[1.6,1.2,1.6,-1.6,-0.9,-0.6,1.2],"frequency":7,"exemplar_strength":[0.7030844498,0.0001326929,0.0464894854,0.0000001614,0.0012507441,0.0000000005,0.0046652758]}
{"word_key":"F12T1","exemplar":[-1.5,0.8,0.5,-1.6,-0.5,1.5,-0.2,0.7,-1.7,-1.1,1.2,-0.6],"frequency":12,"exemplar_strength":[0.0000058351,0.0170818116,0.0052628,0.0000000081,0.0000029658,0.0010783273,0.2489328481,0.0000002405,0.0000327268,0.2290061473,0.8463107647,0.0000171031]}
{"word_key":"F5T2","exemplar":[0.1,1.0,1.2,-0.8,-1.5],"frequency":5,"exemplar_strength":[0.5628344164,0.0000003484,0.0000804336,0.0001278625,0.0000092758]}
{"word_key":"F7T4","exemplar":[-1.4,0.2,-0.7,-2.1,-0.9,1.2,-1.5],"frequency":7,"exemplar_strength":[0.0000074946,0.0000006667,0.0397109907,0.0000001855,0.0000003117,0.0000858263,0.2607430858]}
{"word_key":"F4T1","exemplar":[-1.2,0.4,-0.9,-0.5],"frequency":4,"exemplar_strength":[0.0000017005,0.000000037,0.0000000009,0.0841446155]}
{"word_key":"F5T12","exemplar":[1.0,-1.6,-1.5,1.2,-0.7],"frequency":5,"exemplar_strength":[0.3052508046,0.0000063428,0.0000000002,0.0000342795,0.0000036368]}
{"word_key":"F6T8","exemplar":[-0.9,-0.8,2.3,1.4,-1.0,0.5],"frequency":6,"exemplar_strength":[0.0000000275,0.00000344,0.000000975,0.7229126902,0.0174014792,0.000008693]}
{"word_key":"F7T5","exemplar":[0.5,0.3,-0.4,0.6,0.4,-1.0,-0.3],"frequency":7,"exemplar_strength":[0.0000095374,0.0000148828,0.0000001979,0.0000005437,0.0136743623,0.1090831452,0.0022848947]}
{"word_key":"F7T2","exemplar":[1.6,-0.8,-0.8,0.5,0.5,0.7,-0.4],"frequency":7,"exemplar_strength":[0.0163080989,0.0000182498,0.6232581277,0.0031606786,0.0005281283,0.0000000466,0.0000000002]}
{"word_key":"F4T2","exemplar":[1.6,1.5,1.5,-1.2],"frequency":4,"exemplar_strength":[0.8230979293,0.0000000021,0.0026257778,0.0000039532]}
{"word_key":"F9T3","exemplar":[0.7,0.6,0.1,0.6,-0.6,-0.7,0.9,1.2,-0.5],"frequency":9,"exemplar_strength":[0.004579574,0.0083660951,0.0000129507,0.0001154665,0.0012164384,0.0001033101,1.0,0.0003415953,0.0000874324]}
{"word_key":"F5T3",